app_name,category,screen_time_min,is_productive,screen_time_hours,age,gender,technology_usage_hours,social_media_usage_hours,gaming_hours,mental_health_status,stress_level,sleep_hours,physical_activity_hours,support_systems_access,online_support_usage,heavy_user,total_app_usage
Slack,Productivity,61.13,True,1.0,22,Male,8.31,0.93,1.51,Fair,Low,4.66,4.93,No,No,0,10.75
Instagram,Social,74.35,False,1.2,59,Male,11.09,6.96,4.17,Poor,Medium,7.1,1.29,Yes,No,0,22.22
Notion,Productivity,112.84,True,1.9,27,Other,4.77,7.2,3.25,Fair,Medium,6.57,5.77,No,No,0,15.219999999999999
WhatsApp,Social,61.69,False,1.0,47,Male,2.41,4.09,4.39,Poor,Medium,6.21,0.33,Yes,No,0,10.89
Google Docs,Productivity,106.11,True,1.8,57,Other,3.84,1.28,1.78,Good,High,5.39,4.45,Yes,No,0,6.9
Google Docs,Productivity,90.26,True,1.5,48,Female,2.88,5.71,2.52,Fair,Medium,8.36,2.74,No,No,0,11.11
Snapchat,Social,108.19,False,1.8,41,Male,1.68,6.02,0.39,Fair,High,5.08,6.39,Yes,No,0,8.09
Gmail,Utilities,60.27,False,1.0,49,Other,1.74,6.1,4.81,Good,Medium,4.06,2.55,No,Yes,0,12.649999999999999
YouTube,Entertainment,71.7,False,1.2,38,Female,3.06,0.82,2.76,Excellent,Low,4.41,8.6,No,Yes,0,6.64
Twitter,Social,86.34,False,1.4,65,Other,7.58,7.92,1.62,Fair,Low,5.2,7.24,No,No,0,17.12
Netflix,Entertainment,176.98,False,2.9,41,Male,4.68,5.26,0.84,Excellent,Medium,4.84,2.33,No,No,1,10.78
Slack,Productivity,63.85,True,1.1,39,Female,8.21,3.61,2.14,Good,Medium,7.9,6.11,No,Yes,0,13.96
Google Maps,Utilities,89.55,False,1.5,45,Female,8.33,4.66,1.79,Fair,Low,4.6,2.02,No,Yes,0,14.780000000000001
TikTok,Entertainment,97.36,False,1.6,48,Male,4.96,2.69,1.34,Fair,High,8.46,0.55,Yes,Yes,0,8.99
Instagram,Social,209.48,False,3.5,27,Other,7.17,3.93,3.24,Good,Medium,7.75,3.15,Yes,No,1,14.34
Camera,Utilities,78.18,False,1.3,55,Female,1.84,5.98,3.14,Good,High,4.36,4.52,Yes,No,0,10.96
Google Maps,Utilities,76.06,False,1.3,55,Female,1.84,5.98,3.14,Good,High,4.36,4.52,Yes,No,0,10.96
TikTok,Entertainment,77.49,False,1.3,55,Female,1.84,5.98,3.14,Good,High,4.36,4.52,Yes,No,0,10.96
Facebook,Social,76.55,False,1.3,19,Other,4.55,1.6,0.77,Good,High,6.82,5.39,Yes,No,0,6.92
Weather,Utilities,113.89,False,1.9,33,Other,7.3,7.59,1.86,Excellent,Medium,8.65,1.48,No,No,0,16.75
Facebook,Social,76.55,False,1.3,55,Female,1.84,5.98,3.14,Good,High,4.36,4.52,Yes,No,0,10.96
YouTube,Entertainment,71.7,False,1.2,50,Male,1.11,6.67,3.68,Good,Low,4.61,8.16,No,Yes,0,11.46
Slack,Productivity,115.19,True,1.9,29,Female,3.92,7.49,2.36,Excellent,High,7.25,7.0,No,Yes,0,13.77
Instagram,Social,134.82,False,2.2,38,Female,10.62,3.92,0.55,Poor,Medium,6.42,9.8,No,Yes,1,15.09
Microsoft Teams,Productivity,66.59,True,1.1,55,Other,3.28,2.9,0.42,Good,High,6.41,1.33,No,No,0,6.6
TikTok,Entertainment,119.72,False,2.0,48,Other,1.12,6.56,4.44,Good,Low,6.62,1.45,No,Yes,0,12.120000000000001
Chrome,Utilities,57.06,False,1.0,22,Male,8.31,0.93,1.51,Fair,Low,4.66,4.93,No,No,0,10.75
Instagram,Social,134.14,False,2.2,18,Male,3.26,5.59,4.21,Poor,Low,5.21,1.08,No,No,1,13.059999999999999
Gmail,Utilities,59.13,False,1.0,49,Other,1.74,6.1,4.81,Good,Medium,4.06,2.55,No,Yes,0,12.649999999999999
Evernote,Productivity,117.82,True,2.0,34,Female,10.47,0.94,3.84,Good,Low,7.35,5.57,No,No,0,15.25
Twitter,Social,63.15,False,1.1,51,Male,5.97,4.16,4.99,Poor,Low,5.43,2.61,No,No,0,15.12
Weather,Utilities,120.06,False,2.0,48,Other,1.12,6.56,4.44,Good,Low,6.62,1.45,No,Yes,1,12.120000000000001
Instagram,Social,76.82,False,1.3,55,Female,1.84,5.98,3.14,Good,High,4.36,4.52,Yes,No,0,10.96
Slack,Productivity,120.59,True,2.0,22,Female,9.81,4.95,2.31,Good,High,8.31,4.99,Yes,No,1,17.07
Microsoft Teams,Productivity,58.55,True,1.0,22,Male,8.31,0.93,1.51,Fair,Low,4.66,4.93,No,No,0,10.75
Camera,Utilities,93.37,False,1.6,35,Other,2.88,2.89,0.38,Fair,Low,8.28,9.81,Yes,No,0,6.1499999999999995
Twitch,Entertainment,127.93,False,2.1,19,Male,7.85,4.69,3.71,Good,Medium,5.55,4.55,Yes,No,1,16.25
Slack,Productivity,73.02,True,1.2,59,Female,9.07,4.05,1.86,Excellent,Low,6.16,8.9,No,Yes,0,14.98
Instagram,Social,77.75,False,1.3,19,Other,4.55,1.6,0.77,Good,High,6.82,5.39,Yes,No,0,6.92
YouTube,Entertainment,204.18,False,3.4,28,Female,2.02,0.67,4.96,Fair,High,5.83,4.86,No,No,1,7.65
Twitter,Social,70.58,False,1.2,29,Other,6.22,1.81,3.1,Excellent,Low,4.59,1.38,No,Yes,0,11.129999999999999
Slack,Productivity,58.99,True,1.0,49,Other,1.74,6.1,4.81,Good,Medium,4.06,2.55,No,Yes,0,12.649999999999999
Twitch,Entertainment,71.17,False,1.2,31,Male,9.46,7.86,3.69,Poor,High,5.85,2.87,No,No,0,21.01
Facebook,Social,78.08,False,1.3,55,Female,1.84,5.98,3.14,Good,High,4.36,4.52,Yes,No,0,10.96
Instagram,Social,152.18,False,2.5,62,Male,10.05,4.69,3.58,Fair,Low,6.76,0.37,No,No,1,18.32
Slack,Productivity,87.33,True,1.5,49,Other,2.93,0.48,4.54,Poor,High,8.31,6.98,Yes,No,0,7.95
Slack,Productivity,58.38,True,1.0,47,Male,2.41,4.09,4.39,Poor,Medium,6.21,0.33,Yes,No,0,10.89
YouTube,Entertainment,61.73,False,1.0,22,Male,8.31,0.93,1.51,Fair,Low,4.66,4.93,No,No,0,10.75
Microsoft Teams,Productivity,69.48,True,1.2,28,Male,1.83,3.37,1.42,Poor,Medium,5.87,7.54,No,Yes,0,6.62
Twitch,Entertainment,72.76,False,1.2,29,Other,6.22,1.81,3.1,Excellent,Low,4.59,1.38,No,Yes,0,11.129999999999999
Snapchat,Social,97.22,False,1.6,26,Other,10.79,4.65,0.78,Fair,Medium,6.9,6.89,Yes,Yes,0,16.22
Slack,Productivity,64.93,True,1.1,49,Male,7.08,3.21,3.52,Good,Low,8.87,3.33,No,No,0,13.809999999999999
Google Docs,Productivity,70.22,True,1.2,31,Male,9.46,7.86,3.69,Poor,High,5.85,2.87,No,No,0,21.01
Twitter,Social,85.92,False,1.4,31,Female,6.95,1.0,3.28,Fair,Low,6.85,4.66,Yes,No,0,11.23
Spotify,Entertainment,59.64,False,1.0,47,Male,2.41,4.09,4.39,Poor,Medium,6.21,0.33,Yes,No,0,10.89
Twitter,Social,65.92,False,1.1,51,Male,5.97,4.16,4.99,Poor,Low,5.43,2.61,No,No,0,15.12
YouTube,Entertainment,75.48,False,1.3,55,Female,1.84,5.98,3.14,Good,High,4.36,4.52,Yes,No,0,10.96
Spotify,Entertainment,140.73,False,2.3,45,Other,10.15,3.13,1.71,Good,High,7.83,8.87,Yes,No,1,14.990000000000002
Snapchat,Social,68.26,False,1.1,51,Male,5.97,4.16,4.99,Poor,Low,5.43,2.61,No,No,0,15.12
Microsoft Teams,Productivity,66.59,True,1.1,43,Female,4.87,2.63,1.73,Excellent,Medium,7.01,5.35,No,No,0,9.23
YouTube,Entertainment,59.81,False,1.0,47,Male,2.41,4.09,4.39,Poor,Medium,6.21,0.33,Yes,No,0,10.89
Weather,Utilities,65.35,False,1.1,49,Male,7.08,3.21,3.52,Good,Low,8.87,3.33,No,No,0,13.809999999999999
Spotify,Entertainment,76.86,False,1.3,22,Other,1.55,2.07,4.21,Poor,High,7.06,6.25,Yes,No,0,7.83
Snapchat,Social,109.16,False,1.8,23,Female,7.46,0.31,1.19,Fair,High,8.29,1.89,No,Yes,0,8.959999999999999
WhatsApp,Social,88.65,False,1.5,48,Female,2.88,5.71,2.52,Fair,Medium,8.36,2.74,No,No,0,11.11
Google Maps,Utilities,89.55,False,1.5,38,Male,3.42,7.58,2.96,Fair,Medium,7.15,7.05,Yes,Yes,0,13.96
Weather,Utilities,120.06,False,2.0,50,Female,7.6,1.71,4.1,Fair,Low,7.09,3.61,Yes,No,1,13.409999999999998
Evernote,Productivity,93.16,True,1.6,52,Other,4.21,2.36,1.65,Good,Medium,4.07,2.99,Yes,Yes,0,8.22
Google Docs,Productivity,106.11,True,1.8,23,Female,7.46,0.31,1.19,Fair,High,8.29,1.89,No,Yes,0,8.959999999999999
Gmail,Utilities,86.93,False,1.4,65,Other,7.58,7.92,1.62,Fair,Low,5.2,7.24,No,No,0,17.12
Twitch,Entertainment,71.49,False,1.2,31,Male,9.46,7.86,3.69,Poor,High,5.85,2.87,No,No,0,21.01
Camera,Utilities,93.37,False,1.6,26,Other,10.79,4.65,0.78,Fair,Medium,6.9,6.89,Yes,Yes,0,16.22
Snapchat,Social,91.22,False,1.5,45,Female,8.33,4.66,1.79,Fair,Low,4.6,2.02,No,Yes,0,14.780000000000001
Twitter,Social,58.14,False,1.0,22,Male,8.31,0.93,1.51,Fair,Low,4.66,4.93,No,No,0,10.75
Spotify,Entertainment,73.22,False,1.2,59,Female,9.07,4.05,1.86,Excellent,Low,6.16,8.9,No,Yes,0,14.98
Notion,Productivity,212.87,True,3.5,26,Male,3.42,0.92,4.73,Fair,Low,8.76,5.98,Yes,Yes,1,9.07
WhatsApp,Social,65.7,False,1.1,39,Female,8.21,3.61,2.14,Good,Medium,7.9,6.11,No,Yes,0,13.96
Gmail,Utilities,60.27,False,1.0,22,Male,8.31,0.93,1.51,Fair,Low,4.66,4.93,No,No,0,10.75
Twitch,Entertainment,166.04,False,2.8,26,Male,10.65,7.76,0.35,Fair,High,6.56,6.27,Yes,No,1,18.76
Snapchat,Social,80.98,False,1.3,55,Female,1.84,5.98,3.14,Good,High,4.36,4.52,Yes,No,0,10.96
YouTube,Entertainment,107.74,False,1.8,19,Other,8.45,4.7,4.0,Excellent,High,5.49,5.51,No,Yes,0,17.15
Spotify,Entertainment,73.22,False,1.2,50,Male,1.11,6.67,3.68,Good,Low,4.61,8.16,No,Yes,0,11.46
Twitter,Social,67.76,False,1.1,49,Male,7.08,3.21,3.52,Good,Low,8.87,3.33,No,No,0,13.809999999999999
Gmail,Utilities,59.13,False,1.0,47,Male,2.41,4.09,4.39,Poor,Medium,6.21,0.33,Yes,No,0,10.89
Twitch,Entertainment,71.35,False,1.2,31,Male,9.46,7.86,3.69,Poor,High,5.85,2.87,No,No,0,21.01
Snapchat,Social,142.66,False,2.4,36,Male,6.24,6.76,2.71,Poor,Medium,5.28,1.93,No,Yes,1,15.71
Twitch,Entertainment,71.35,False,1.2,29,Other,2.08,4.68,4.14,Poor,Medium,4.36,2.23,Yes,No,0,10.899999999999999
Spotify,Entertainment,71.58,False,1.2,31,Male,9.46,7.86,3.69,Poor,High,5.85,2.87,No,No,0,21.01
Instagram,Social,152.18,False,2.5,37,Other,3.97,3.19,4.85,Fair,Low,8.98,5.34,Yes,Yes,1,12.01
Netflix,Entertainment,60.09,False,1.0,49,Other,1.74,6.1,4.81,Good,Medium,4.06,2.55,No,Yes,0,12.649999999999999
Google Maps,Utilities,82.74,False,1.4,62,Other,1.2,1.67,1.57,Excellent,High,7.29,9.64,Yes,No,0,4.44
Spotify,Entertainment,90.01,False,1.5,63,Other,6.64,4.76,4.38,Excellent,Medium,8.75,0.12,Yes,No,0,15.779999999999998
Twitter,Social,58.14,False,1.0,47,Male,2.41,4.09,4.39,Poor,Medium,6.21,0.33,Yes,No,0,10.89
Microsoft Teams,Productivity,98.53,True,1.6,26,Other,10.79,4.65,0.78,Fair,Medium,6.9,6.89,Yes,Yes,0,16.22
Facebook,Social,65.48,False,1.1,51,Male,5.97,4.16,4.99,Poor,Low,5.43,2.61,No,No,0,15.12
Notion,Productivity,67.95,True,1.1,55,Other,3.28,2.9,0.42,Good,High,6.41,1.33,No,No,0,6.6
Instagram,Social,71.74,False,1.2,47,Female,11.46,4.81,4.68,Fair,Medium,6.43,7.89,No,Yes,0,20.95
Chrome,Utilities,98.87,False,1.6,52,Other,4.21,2.36,1.65,Good,Medium,4.07,2.99,Yes,Yes,0,8.22
Notion,Productivity,103.96,True,1.7,32,Female,3.43,5.88,4.84,Fair,Low,6.42,9.1,No,Yes,0,14.15
Google Docs,Productivity,154.46,True,2.6,24,Other,4.44,4.86,1.63,Poor,Low,6.67,2.97,No,No,1,10.93
Microsoft Teams,Productivity,70.86,True,1.2,29,Other,6.22,1.81,3.1,Excellent,Low,4.59,1.38,No,Yes,0,11.129999999999999
Google Maps,Utilities,69.29,False,1.2,38,Female,3.06,0.82,2.76,Excellent,Low,4.41,8.6,No,Yes,0,6.64
Evernote,Productivity,88.73,True,1.5,34,Female,5.55,5.06,1.68,Good,High,8.88,2.37,Yes,No,0,12.29
Netflix,Entertainment,73.5,False,1.2,38,Female,3.06,0.82,2.76,Excellent,Low,4.41,8.6,No,Yes,0,6.64
Gmail,Utilities,61.71,False,1.0,49,Other,1.74,6.1,4.81,Good,Medium,4.06,2.55,No,Yes,0,12.649999999999999
Facebook,Social,74.63,False,1.2,29,Other,2.08,4.68,4.14,Poor,Medium,4.36,2.23,Yes,No,0,10.899999999999999
Snapchat,Social,138.82,False,2.3,45,Other,10.15,3.13,1.71,Good,High,7.83,8.87,Yes,No,1,14.990000000000002
Snapchat,Social,97.22,False,1.6,35,Other,2.88,2.89,0.38,Fair,Low,8.28,9.81,Yes,No,0,6.1499999999999995
Instagram,Social,209.48,False,3.5,53,Female,1.22,6.56,1.65,Good,High,6.69,2.24,Yes,Yes,1,9.43
Microsoft Teams,Productivity,70.86,True,1.2,47,Female,11.46,4.81,4.68,Fair,Medium,6.43,7.89,No,Yes,0,20.95
YouTube,Entertainment,86.42,False,1.4,31,Female,6.95,1.0,3.28,Fair,Low,6.85,4.66,Yes,No,0,11.23
Slack,Productivity,64.93,True,1.1,51,Male,5.97,4.16,4.99,Poor,Low,5.43,2.61,No,No,0,15.12
Gmail,Utilities,86.93,False,1.4,62,Other,1.2,1.67,1.57,Excellent,High,7.29,9.64,Yes,No,0,4.44
YouTube,Entertainment,71.42,False,1.2,28,Male,1.83,3.37,1.42,Poor,Medium,5.87,7.54,No,Yes,0,6.62
WhatsApp,Social,63.44,False,1.1,55,Other,3.28,2.9,0.42,Good,High,6.41,1.33,No,No,0,6.6
Slack,Productivity,120.59,True,2.0,36,Other,9.34,5.41,1.32,Good,High,7.28,6.72,Yes,No,1,16.07
Twitter,Social,74.06,False,1.2,38,Female,3.06,0.82,2.76,Excellent,Low,4.41,8.6,No,Yes,0,6.64
Gmail,Utilities,69.05,False,1.2,28,Male,1.83,3.37,1.42,Poor,Medium,5.87,7.54,No,Yes,0,6.62
Google Maps,Utilities,73.82,False,1.2,19,Male,1.65,7.62,3.6,Excellent,High,7.31,4.49,No,Yes,0,12.87
Camera,Utilities,89.53,False,1.5,45,Female,8.33,4.66,1.79,Fair,Low,4.6,2.02,No,Yes,0,14.780000000000001
Microsoft Teams,Productivity,116.23,True,1.9,18,Male,3.24,2.28,0.34,Good,Low,5.54,7.9,No,No,0,5.859999999999999
Twitch,Entertainment,71.35,False,1.2,59,Female,9.07,4.05,1.86,Excellent,Low,6.16,8.9,No,Yes,0,14.98
Chrome,Utilities,114.29,False,1.9,20,Other,2.95,2.98,3.49,Good,High,5.07,2.79,Yes,Yes,0,9.42
Camera,Utilities,89.53,False,1.5,25,Male,4.86,1.7,0.76,Fair,Medium,6.72,5.26,No,Yes,0,7.32
Facebook,Social,132.83,False,2.2,38,Female,10.62,3.92,0.55,Poor,Medium,6.42,9.8,No,Yes,1,15.09
Gmail,Utilities,75.79,False,1.3,55,Female,1.84,5.98,3.14,Good,High,4.36,4.52,Yes,No,0,10.96
YouTube,Entertainment,140.01,False,2.3,64,Male,6.95,5.03,4.53,Excellent,Medium,5.69,9.21,No,Yes,1,16.51
Spotify,Entertainment,140.73,False,2.3,58,Other,11.83,6.58,3.41,Poor,Medium,6.37,7.74,No,Yes,1,21.82
Spotify,Entertainment,57.98,False,1.0,22,Male,8.31,0.93,1.51,Fair,Low,4.66,4.93,No,No,0,10.75
Gmail,Utilities,72.25,False,1.2,47,Female,11.46,4.81,4.68,Fair,Medium,6.43,7.89,No,Yes,0,20.95
Slack,Productivity,72.07,True,1.2,47,Female,11.46,4.81,4.68,Fair,Medium,6.43,7.89,No,Yes,0,20.95
Instagram,Social,61.59,False,1.0,22,Male,8.31,0.93,1.51,Fair,Low,4.66,4.93,No,No,0,10.75
YouTube,Entertainment,73.79,False,1.2,59,Female,9.07,4.05,1.86,Excellent,Low,6.16,8.9,No,Yes,0,14.98
Notion,Productivity,64.99,True,1.1,43,Female,4.87,2.63,1.73,Excellent,Medium,7.01,5.35,No,No,0,9.23
Instagram,Social,134.82,False,2.2,26,Male,10.46,0.49,3.01,Excellent,High,5.54,6.5,No,Yes,1,13.96
Evernote,Productivity,71.26,True,1.2,38,Female,3.06,0.82,2.76,Excellent,Low,4.41,8.6,No,Yes,0,6.64
Facebook,Social,168.18,False,2.8,56,Female,9.07,5.54,1.67,Poor,High,8.61,7.12,Yes,Yes,1,16.28
Facebook,Social,131.26,False,2.2,18,Male,3.26,5.59,4.21,Poor,Low,5.21,1.08,No,No,1,13.059999999999999
Twitch,Entertainment,166.04,False,2.8,34,Female,9.53,3.86,1.88,Fair,High,4.85,8.67,Yes,Yes,1,15.27
Evernote,Productivity,64.16,True,1.1,49,Male,7.08,3.21,3.52,Good,Low,8.87,3.33,No,No,0,13.809999999999999
Spotify,Entertainment,107.48,False,1.8,23,Female,7.46,0.31,1.19,Fair,High,8.29,1.89,No,Yes,0,8.959999999999999
WhatsApp,Social,115.62,False,1.9,33,Other,7.3,7.59,1.86,Excellent,Medium,8.65,1.48,No,No,0,16.75
Twitch,Entertainment,72.76,False,1.2,59,Female,9.07,4.05,1.86,Excellent,Low,6.16,8.9,No,Yes,0,14.98
Twitch,Entertainment,66.58,False,1.1,43,Female,4.87,2.63,1.73,Excellent,Medium,7.01,5.35,No,No,0,9.23
WhatsApp,Social,95.03,False,1.6,35,Other,2.88,2.89,0.38,Fair,Low,8.28,9.81,Yes,No,0,6.1499999999999995
Twitter,Social,139.43,False,2.3,45,Male,7.95,6.98,3.48,Excellent,Medium,7.07,4.98,Yes,No,1,18.41
Snapchat,Social,80.98,False,1.3,22,Other,1.55,2.07,4.21,Poor,High,7.06,6.25,Yes,No,0,7.83
Weather,Utilities,83.4,False,1.4,53,Male,10.57,7.28,3.45,Fair,Low,5.65,9.81,No,No,0,21.3
Twitch,Entertainment,71.49,False,1.2,29,Other,6.22,1.81,3.1,Excellent,Low,4.59,1.38,No,Yes,0,11.129999999999999
Gmail,Utilities,86.93,False,1.4,26,Male,9.18,4.99,0.78,Excellent,High,5.39,4.62,Yes,No,0,14.95
YouTube,Entertainment,138.13,False,2.3,32,Other,4.63,3.31,3.66,Fair,Low,6.98,5.32,No,Yes,1,11.6
Spotify,Entertainment,73.59,False,1.2,31,Male,9.46,7.86,3.69,Poor,High,5.85,2.87,No,No,0,21.01
Spotify,Entertainment,73.59,False,1.2,28,Male,1.83,3.37,1.42,Poor,Medium,5.87,7.54,No,Yes,0,6.62
Google Maps,Utilities,93.79,False,1.6,52,Other,4.21,2.36,1.65,Good,Medium,4.07,2.99,Yes,Yes,0,8.22
Chrome,Utilities,98.87,False,1.6,26,Female,7.75,5.6,0.1,Fair,Medium,8.16,6.43,No,No,0,13.45
Gmail,Utilities,97.46,False,1.6,35,Other,2.88,2.89,0.38,Fair,Low,8.28,9.81,Yes,No,0,6.1499999999999995
Notion,Productivity,112.84,True,1.9,18,Male,3.24,2.28,0.34,Good,Low,5.54,7.9,No,No,0,5.859999999999999
Facebook,Social,76.53,False,1.3,55,Female,1.84,5.98,3.14,Good,High,4.36,4.52,Yes,No,0,10.96
Twitch,Entertainment,93.6,False,1.6,35,Other,2.88,2.89,0.38,Fair,Low,8.28,9.81,Yes,No,0,6.1499999999999995
Google Docs,Productivity,117.68,True,2.0,54,Other,1.94,1.61,1.88,Excellent,Low,5.92,4.47,Yes,Yes,0,5.43
Instagram,Social,64.48,False,1.1,51,Male,5.97,4.16,4.99,Poor,Low,5.43,2.61,No,No,0,15.12
Slack,Productivity,120.59,True,2.0,48,Other,1.12,6.56,4.44,Good,Low,6.62,1.45,No,Yes,1,12.120000000000001
Camera,Utilities,112.81,False,1.9,40,Female,11.8,4.62,2.01,Excellent,Medium,5.49,1.63,No,No,0,18.43
Twitter,Social,76.3,False,1.3,37,Male,1.94,3.76,2.63,Poor,Low,6.65,5.13,No,Yes,0,8.329999999999998
Gmail,Utilities,69.05,False,1.2,19,Male,1.65,7.62,3.6,Excellent,High,7.31,4.49,No,Yes,0,12.87
Spotify,Entertainment,72.64,False,1.2,47,Female,11.46,4.81,4.68,Fair,Medium,6.43,7.89,No,Yes,0,20.95
Spotify,Entertainment,72.64,False,1.2,59,Male,11.09,6.96,4.17,Poor,Medium,7.1,1.29,Yes,No,0,22.22
Twitter,Social,63.15,False,1.1,49,Male,7.08,3.21,3.52,Good,Low,8.87,3.33,No,No,0,13.809999999999999
Slack,Productivity,58.99,True,1.0,47,Male,2.41,4.09,4.39,Poor,Medium,6.21,0.33,Yes,No,0,10.89
YouTube,Entertainment,68.7,False,1.1,49,Male,7.08,3.21,3.52,Good,Low,8.87,3.33,No,No,0,13.809999999999999
WhatsApp,Social,131.16,False,2.2,23,Male,8.61,5.01,3.38,Excellent,High,6.48,6.97,Yes,No,1,17.0
Slack,Productivity,115.19,True,1.9,47,Female,2.65,2.22,0.68,Good,Low,4.94,0.85,Yes,Yes,0,5.55
Slack,Productivity,63.85,True,1.1,49,Male,7.08,3.21,3.52,Good,Low,8.87,3.33,No,No,0,13.809999999999999
WhatsApp,Social,106.12,False,1.8,23,Female,7.46,0.31,1.19,Fair,High,8.29,1.89,No,Yes,0,8.959999999999999
Weather,Utilities,73.35,False,1.2,38,Female,3.06,0.82,2.76,Excellent,Low,4.41,8.6,No,Yes,0,6.64
WhatsApp,Social,88.65,False,1.5,26,Female,9.35,0.33,2.64,Good,High,4.43,5.36,No,No,0,12.32
Twitch,Entertainment,108.23,False,1.8,32,Other,1.8,2.42,3.03,Fair,Low,5.12,9.17,Yes,No,0,7.25
Camera,Utilities,89.53,False,1.5,26,Female,9.35,0.33,2.64,Good,High,4.43,5.36,No,No,0,12.32
Google Maps,Utilities,83.22,False,1.4,62,Other,1.2,1.67,1.57,Excellent,High,7.29,9.64,Yes,No,0,4.44
Evernote,Productivity,93.16,True,1.6,35,Other,2.88,2.89,0.38,Fair,Low,8.28,9.81,Yes,No,0,6.1499999999999995
Instagram,Social,134.14,False,2.2,55,Female,1.86,2.93,0.47,Good,Low,6.08,9.86,No,No,1,5.26
Google Docs,Productivity,90.26,True,1.5,49,Other,2.93,0.48,4.54,Poor,High,8.31,6.98,Yes,No,0,7.95
Google Maps,Utilities,73.82,False,1.2,59,Male,11.09,6.96,4.17,Poor,Medium,7.1,1.29,Yes,No,0,22.22
YouTube,Entertainment,86.04,False,1.4,53,Male,10.57,7.28,3.45,Fair,Low,5.65,9.81,No,No,0,21.3
YouTube,Entertainment,107.74,False,1.8,41,Male,1.93,1.6,1.54,Fair,Low,5.59,1.91,Yes,Yes,0,5.07
YouTube,Entertainment,73.77,False,1.2,59,Male,11.09,6.96,4.17,Poor,Medium,7.1,1.29,Yes,No,0,22.22
Twitch,Entertainment,71.18,False,1.2,59,Female,9.07,4.05,1.86,Excellent,Low,6.16,8.9,No,Yes,0,14.98
Google Docs,Productivity,68.26,True,1.1,49,Male,7.08,3.21,3.52,Good,Low,8.87,3.33,No,No,0,13.809999999999999
Netflix,Entertainment,73.84,False,1.2,38,Female,3.06,0.82,2.76,Excellent,Low,4.41,8.6,No,Yes,0,6.64
Netflix,Entertainment,140.76,False,2.3,32,Other,9.63,3.18,2.4,Fair,Low,4.61,3.95,No,No,1,15.21
Netflix,Entertainment,73.5,False,1.2,29,Other,2.08,4.68,4.14,Poor,Medium,4.36,2.23,Yes,No,0,10.899999999999999
Twitter,Social,77.61,False,1.3,22,Other,1.55,2.07,4.21,Poor,High,7.06,6.25,Yes,No,0,7.83
Google Maps,Utilities,75.61,False,1.3,19,Other,4.55,1.6,0.77,Good,High,6.82,5.39,Yes,No,0,6.92
Netflix,Entertainment,141.37,False,2.4,56,Male,5.3,2.11,0.31,Poor,Medium,6.04,6.72,Yes,Yes,1,7.72
Camera,Utilities,98.61,False,1.6,48,Male,4.96,2.69,1.34,Fair,High,8.46,0.55,Yes,Yes,0,8.99
Slack,Productivity,120.59,True,2.0,46,Male,1.64,5.65,2.34,Excellent,High,4.44,2.17,Yes,Yes,1,9.629999999999999
Twitter,Social,63.15,False,1.1,39,Female,8.21,3.61,2.14,Good,Medium,7.9,6.11,No,Yes,0,13.96
Notion,Productivity,67.95,True,1.1,39,Female,8.21,3.61,2.14,Good,Medium,7.9,6.11,No,Yes,0,13.96
Twitch,Entertainment,66.58,False,1.1,49,Male,7.08,3.21,3.52,Good,Low,8.87,3.33,No,No,0,13.809999999999999
Spotify,Entertainment,118.76,False,2.0,50,Female,7.6,1.71,4.1,Fair,Low,7.09,3.61,Yes,No,0,13.409999999999998
Google Maps,Utilities,84.67,False,1.4,31,Female,6.95,1.0,3.28,Fair,Low,6.85,4.66,Yes,No,0,11.23
Snapchat,Social,73.56,False,1.2,38,Female,3.06,0.82,2.76,Excellent,Low,4.41,8.6,No,Yes,0,6.64
Instagram,Social,74.35,False,1.2,29,Other,6.22,1.81,3.1,Excellent,Low,4.59,1.38,No,Yes,0,11.129999999999999
Chrome,Utilities,64.23,False,1.1,43,Female,4.87,2.63,1.73,Excellent,Medium,7.01,5.35,No,No,0,9.23
TikTok,Entertainment,63.45,False,1.1,51,Male,5.97,4.16,4.99,Poor,Low,5.43,2.61,No,No,0,15.12
Twitch,Entertainment,71.49,False,1.2,19,Male,1.65,7.62,3.6,Excellent,High,7.31,4.49,No,Yes,0,12.87
Chrome,Utilities,61.04,False,1.0,49,Other,1.74,6.1,4.81,Good,Medium,4.06,2.55,No,Yes,0,12.649999999999999
Twitter,Social,88.39,False,1.5,48,Female,2.88,5.71,2.52,Fair,Medium,8.36,2.74,No,No,0,11.11
Notion,Productivity,215.94,True,3.6,64,Other,3.72,3.77,2.73,Excellent,High,5.99,3.4,No,No,1,10.22
Spotify,Entertainment,67.17,False,1.1,55,Other,3.28,2.9,0.42,Good,High,6.41,1.33,No,No,0,6.6
Snapchat,Social,71.79,False,1.2,31,Male,9.46,7.86,3.69,Poor,High,5.85,2.87,No,No,0,21.01
Instagram,Social,119.85,False,2.0,48,Other,1.12,6.56,4.44,Good,Low,6.62,1.45,No,Yes,0,12.120000000000001
Google Maps,Utilities,69.29,False,1.2,59,Male,11.09,6.96,4.17,Poor,Medium,7.1,1.29,Yes,No,0,22.22
Twitch,Entertainment,66.58,False,1.1,55,Other,3.28,2.9,0.42,Good,High,6.41,1.33,No,No,0,6.6
Google Maps,Utilities,89.55,False,1.5,48,Female,2.88,5.71,2.52,Fair,Medium,8.36,2.74,No,No,0,11.11
Google Docs,Productivity,106.11,True,1.8,32,Other,1.8,2.42,3.03,Fair,Low,5.12,9.17,Yes,No,0,7.25
Netflix,Entertainment,73.5,False,1.2,31,Male,9.46,7.86,3.69,Poor,High,5.85,2.87,No,No,0,21.01
Spotify,Entertainment,80.02,False,1.3,19,Other,4.55,1.6,0.77,Good,High,6.82,5.39,Yes,No,0,6.92
Microsoft Teams,Productivity,66.69,True,1.1,39,Female,8.21,3.61,2.14,Good,Medium,7.9,6.11,No,Yes,0,13.96
Chrome,Utilities,62.33,False,1.0,49,Other,1.74,6.1,4.81,Good,Medium,4.06,2.55,No,Yes,0,12.649999999999999
Snapchat,Social,124.05,False,2.1,21,Male,7.93,5.42,4.0,Fair,Low,4.79,4.07,Yes,No,1,17.35
Slack,Productivity,120.03,True,2.0,22,Female,9.81,4.95,2.31,Good,High,8.31,4.99,Yes,No,1,17.07
Chrome,Utilities,71.41,False,1.2,31,Male,9.46,7.86,3.69,Poor,High,5.85,2.87,No,No,0,21.01
Evernote,Productivity,83.73,True,1.4,62,Other,1.2,1.67,1.57,Excellent,High,7.29,9.64,Yes,No,0,4.44
Google Docs,Productivity,117.68,True,2.0,34,Female,10.47,0.94,3.84,Good,Low,7.35,5.57,No,No,0,15.25
Google Maps,Utilities,101.2,False,1.7,32,Female,3.43,5.88,4.84,Fair,Low,6.42,9.1,No,Yes,0,14.15
Twitter,Social,70.58,False,1.2,47,Female,11.46,4.81,4.68,Fair,Medium,6.43,7.89,No,Yes,0,20.95
WhatsApp,Social,81.04,False,1.4,62,Other,1.2,1.67,1.57,Excellent,High,7.29,9.64,Yes,No,0,4.44
Twitter,Social,141.65,False,2.4,39,Male,1.28,4.94,2.87,Fair,Medium,8.15,6.09,No,No,1,9.09
Instagram,Social,63.91,False,1.1,39,Female,8.21,3.61,2.14,Good,Medium,7.9,6.11,No,Yes,0,13.96
TikTok,Entertainment,119.72,False,2.0,34,Female,10.47,0.94,3.84,Good,Low,7.35,5.57,No,No,0,15.25
Weather,Utilities,107.5,False,1.8,41,Male,1.68,6.02,0.39,Fair,High,5.08,6.39,Yes,No,0,8.09
Weather,Utilities,73.35,False,1.2,47,Female,11.46,4.81,4.68,Fair,Medium,6.43,7.89,No,Yes,0,20.95
Snapchat,Social,73.56,False,1.2,50,Male,1.11,6.67,3.68,Good,Low,4.61,8.16,No,Yes,0,11.46
YouTube,Entertainment,73.77,False,1.2,59,Female,9.07,4.05,1.86,Excellent,Low,6.16,8.9,No,Yes,0,14.98
Gmail,Utilities,108.1,False,1.8,57,Other,3.84,1.28,1.78,Good,High,5.39,4.45,Yes,No,0,6.9
Microsoft Teams,Productivity,59.59,True,1.0,22,Male,8.31,0.93,1.51,Fair,Low,4.66,4.93,No,No,0,10.75
TikTok,Entertainment,97.36,False,1.6,26,Other,10.79,4.65,0.78,Fair,Medium,6.9,6.89,Yes,Yes,0,16.22
Camera,Utilities,73.66,False,1.2,19,Male,1.65,7.62,3.6,Excellent,High,7.31,4.49,No,Yes,0,12.87
Evernote,Productivity,72.31,True,1.2,59,Female,9.07,4.05,1.86,Excellent,Low,6.16,8.9,No,Yes,0,14.98
Google Maps,Utilities,75.71,False,1.3,22,Other,1.55,2.07,4.21,Poor,High,7.06,6.25,Yes,No,0,7.83
Slack,Productivity,72.07,True,1.2,59,Female,9.07,4.05,1.86,Excellent,Low,6.16,8.9,No,Yes,0,14.98
Twitch,Entertainment,120.14,False,2.0,36,Male,7.51,7.24,0.83,Fair,Medium,5.85,4.75,Yes,Yes,1,15.58
Facebook,Social,74.63,False,1.2,59,Male,11.09,6.96,4.17,Poor,Medium,7.1,1.29,Yes,No,0,22.22
Facebook,Social,81.63,False,1.4,65,Other,7.58,7.92,1.62,Fair,Low,5.2,7.24,No,No,0,17.12
Facebook,Social,64.89,False,1.1,55,Other,3.28,2.9,0.42,Good,High,6.41,1.33,No,No,0,6.6
Twitter,Social,139.43,False,2.3,45,Other,10.15,3.13,1.71,Good,High,7.83,8.87,Yes,No,1,14.990000000000002
Facebook,Social,168.18,False,2.8,18,Female,1.72,2.52,4.63,Poor,High,7.26,2.45,No,No,1,8.870000000000001
Chrome,Utilities,73.61,False,1.2,29,Other,2.08,4.68,4.14,Poor,Medium,4.36,2.23,Yes,No,0,10.899999999999999
TikTok,Entertainment,77.49,False,1.3,22,Other,1.55,2.07,4.21,Poor,High,7.06,6.25,Yes,No,0,7.83
Snapchat,Social,109.16,False,1.8,33,Other,5.01,2.04,4.23,Poor,High,5.76,0.82,No,Yes,0,11.280000000000001
Slack,Productivity,209.63,True,3.5,39,Male,6.36,1.29,0.61,Poor,High,8.17,5.31,Yes,No,1,8.26
Snapchat,Social,58.64,False,1.0,22,Male,8.31,0.93,1.51,Fair,Low,4.66,4.93,No,No,0,10.75
Chrome,Utilities,64.23,False,1.1,51,Male,5.97,4.16,4.99,Poor,Low,5.43,2.61,No,No,0,15.12
YouTube,Entertainment,73.79,False,1.2,47,Female,11.46,4.81,4.68,Fair,Medium,6.43,7.89,No,Yes,0,20.95
Chrome,Utilities,66.26,False,1.1,43,Female,4.87,2.63,1.73,Excellent,Medium,7.01,5.35,No,No,0,9.23
Slack,Productivity,64.93,True,1.1,39,Female,8.21,3.61,2.14,Good,Medium,7.9,6.11,No,Yes,0,13.96
Instagram,Social,119.85,False,2.0,34,Female,10.47,0.94,3.84,Good,Low,7.35,5.57,No,No,0,15.25
Google Maps,Utilities,62.96,False,1.0,49,Other,1.74,6.1,4.81,Good,Medium,4.06,2.55,No,Yes,0,12.649999999999999
Evernote,Productivity,61.86,True,1.0,47,Male,2.41,4.09,4.39,Poor,Medium,6.21,0.33,Yes,No,0,10.89
Google Maps,Utilities,126.7,False,2.1,21,Male,7.93,5.42,4.0,Fair,Low,4.79,4.07,Yes,No,1,17.35
WhatsApp,Social,66.35,False,1.1,43,Female,4.87,2.63,1.73,Excellent,Medium,7.01,5.35,No,No,0,9.23
Spotify,Entertainment,155.53,False,2.6,24,Other,4.44,4.86,1.63,Poor,Low,6.67,2.97,No,No,1,10.93
YouTube,Entertainment,204.18,False,3.4,40,Other,5.87,1.59,2.37,Good,High,8.44,8.37,No,No,1,9.83
WhatsApp,Social,95.03,False,1.6,48,Male,4.96,2.69,1.34,Fair,High,8.46,0.55,Yes,Yes,0,8.99
Microsoft Teams,Productivity,82.08,True,1.4,62,Other,1.2,1.67,1.57,Excellent,High,7.29,9.64,Yes,No,0,4.44
Evernote,Productivity,71.26,True,1.2,50,Male,1.11,6.67,3.68,Good,Low,4.61,8.16,No,Yes,0,11.46
Camera,Utilities,112.81,False,1.9,47,Female,2.65,2.22,0.68,Good,Low,4.94,0.85,Yes,Yes,0,5.55
Google Maps,Utilities,78.92,False,1.3,55,Female,1.84,5.98,3.14,Good,High,4.36,4.52,Yes,No,0,10.96
Facebook,Social,74.63,False,1.2,50,Male,1.11,6.67,3.68,Good,Low,4.61,8.16,No,Yes,0,11.46
Twitch,Entertainment,72.76,False,1.2,19,Male,1.65,7.62,3.6,Excellent,High,7.31,4.49,No,Yes,0,12.87
WhatsApp,Social,114.58,False,1.9,42,Male,3.18,5.37,2.17,Good,Medium,5.87,2.96,No,Yes,0,10.72
Chrome,Utilities,110.96,False,1.8,57,Other,3.84,1.28,1.78,Good,High,5.39,4.45,Yes,No,0,6.9
Notion,Productivity,112.84,True,1.9,46,Male,8.16,1.06,1.57,Fair,High,4.11,8.77,No,Yes,0,10.790000000000001
WhatsApp,Social,131.16,False,2.2,26,Male,10.46,0.49,3.01,Excellent,High,5.54,6.5,No,Yes,1,13.96
Netflix,Entertainment,73.5,False,1.2,47,Female,11.46,4.81,4.68,Fair,Medium,6.43,7.89,No,Yes,0,20.95
Twitter,Social,74.06,False,1.2,50,Male,1.11,6.67,3.68,Good,Low,4.61,8.16,No,Yes,0,11.46
TikTok,Entertainment,82.22,False,1.4,31,Female,6.95,1.0,3.28,Fair,Low,6.85,4.66,Yes,No,0,11.23
Twitter,Social,60.29,False,1.0,22,Male,8.31,0.93,1.51,Fair,Low,4.66,4.93,No,No,0,10.75
YouTube,Entertainment,138.13,False,2.3,58,Other,11.83,6.58,3.41,Poor,Medium,6.37,7.74,No,Yes,1,21.82
Notion,Productivity,94.33,True,1.6,26,Other,10.79,4.65,0.78,Fair,Medium,6.9,6.89,Yes,Yes,0,16.22
Twitter,Social,65.92,False,1.1,55,Other,3.28,2.9,0.42,Good,High,6.41,1.33,No,No,0,6.6
Slack,Productivity,81.21,True,1.4,53,Male,10.57,7.28,3.45,Fair,Low,5.65,9.81,No,No,0,21.3
Chrome,Utilities,114.29,False,1.9,25,Other,4.5,2.76,1.43,Fair,Low,4.5,5.83,Yes,Yes,0,8.69
Google Docs,Productivity,117.68,True,2.0,48,Other,1.12,6.56,4.44,Good,Low,6.62,1.45,No,Yes,0,12.120000000000001
YouTube,Entertainment,73.77,False,1.2,28,Male,1.83,3.37,1.42,Poor,Medium,5.87,7.54,No,Yes,0,6.62
Netflix,Entertainment,140.76,False,2.3,24,Male,9.2,4.53,2.78,Good,Medium,7.66,1.43,No,Yes,1,16.51
Evernote,Productivity,89.75,True,1.5,48,Female,2.88,5.71,2.52,Fair,Medium,8.36,2.74,No,No,0,11.11
Chrome,Utilities,115.36,False,1.9,42,Male,3.18,5.37,2.17,Good,Medium,5.87,2.96,No,Yes,0,10.72
Chrome,Utilities,166.24,False,2.8,34,Female,9.53,3.86,1.88,Fair,High,4.85,8.67,Yes,Yes,1,15.27
Facebook,Social,164.81,False,2.7,43,Female,8.06,0.51,2.37,Excellent,High,7.57,8.49,Yes,Yes,1,10.940000000000001
Instagram,Social,134.82,False,2.2,23,Male,8.61,5.01,3.38,Excellent,High,6.48,6.97,Yes,No,1,17.0
Netflix,Entertainment,73.84,False,1.2,59,Male,11.09,6.96,4.17,Poor,Medium,7.1,1.29,Yes,No,0,22.22
Evernote,Productivity,88.73,True,1.5,26,Female,9.35,0.33,2.64,Good,High,4.43,5.36,No,No,0,12.32
Facebook,Social,74.63,False,1.2,59,Female,9.07,4.05,1.86,Excellent,Low,6.16,8.9,No,Yes,0,14.98
Spotify,Entertainment,73.22,False,1.2,38,Female,3.06,0.82,2.76,Excellent,Low,4.41,8.6,No,Yes,0,6.64
WhatsApp,Social,106.12,False,1.8,41,Male,1.68,6.02,0.39,Fair,High,5.08,6.39,Yes,No,0,8.09
Facebook,Social,59.22,False,1.0,47,Male,2.41,4.09,4.39,Poor,Medium,6.21,0.33,Yes,No,0,10.89
Snapchat,Social,78.62,False,1.3,37,Male,1.94,3.76,2.63,Poor,Low,6.65,5.13,No,Yes,0,8.329999999999998
YouTube,Entertainment,67.04,False,1.1,49,Male,7.08,3.21,3.52,Good,Low,8.87,3.33,No,No,0,13.809999999999999
Weather,Utilities,120.06,False,2.0,40,Other,6.71,7.53,1.65,Excellent,Medium,7.31,3.2,Yes,Yes,1,15.89
Instagram,Social,173.86,False,2.9,33,Other,9.42,4.28,4.67,Excellent,Low,7.49,4.28,Yes,No,1,18.369999999999997
Chrome,Utilities,99.29,False,1.7,32,Female,3.43,5.88,4.84,Fair,Low,6.42,9.1,No,Yes,0,14.15
Chrome,Utilities,71.41,False,1.2,59,Female,9.07,4.05,1.86,Excellent,Low,6.16,8.9,No,Yes,0,14.98
Camera,Utilities,75.26,False,1.3,37,Male,1.94,3.76,2.63,Poor,Low,6.65,5.13,No,Yes,0,8.329999999999998
Gmail,Utilities,83.9,False,1.4,32,Other,8.28,2.09,4.14,Fair,High,5.61,5.08,No,Yes,0,14.509999999999998
Slack,Productivity,86.81,True,1.4,62,Other,1.2,1.67,1.57,Excellent,High,7.29,9.64,Yes,No,0,4.44
Evernote,Productivity,61.86,True,1.0,49,Other,1.74,6.1,4.81,Good,Medium,4.06,2.55,No,Yes,0,12.649999999999999
Slack,Productivity,87.33,True,1.5,63,Other,6.64,4.76,4.38,Excellent,Medium,8.75,0.12,Yes,No,0,15.779999999999998
WhatsApp,Social,149.72,False,2.5,45,Other,1.81,5.54,3.52,Fair,Medium,6.59,3.66,No,No,1,10.87
Gmail,Utilities,59.43,False,1.0,49,Other,1.74,6.1,4.81,Good,Medium,4.06,2.55,No,Yes,0,12.649999999999999
Facebook,Social,132.83,False,2.2,18,Male,3.26,5.59,4.21,Poor,Low,5.21,1.08,No,No,1,13.059999999999999
Spotify,Entertainment,63.53,False,1.1,39,Female,8.21,3.61,2.14,Good,Medium,7.9,6.11,No,Yes,0,13.96
Weather,Utilities,81.48,False,1.4,65,Other,7.58,7.92,1.62,Fair,Low,5.2,7.24,No,No,0,17.12
Chrome,Utilities,73.61,False,1.2,47,Female,11.46,4.81,4.68,Fair,Medium,6.43,7.89,No,Yes,0,20.95
Google Docs,Productivity,105.9,True,1.8,63,Female,2.47,3.28,2.87,Good,High,4.08,0.84,Yes,Yes,0,8.620000000000001
Twitter,Social,94.19,False,1.6,26,Female,7.75,5.6,0.1,Fair,Medium,8.16,6.43,No,No,0,13.45
Snapchat,Social,60.32,False,1.0,47,Male,2.41,4.09,4.39,Poor,Medium,6.21,0.33,Yes,No,0,10.89
Google Maps,Utilities,79.6,False,1.3,22,Other,1.55,2.07,4.21,Poor,High,7.06,6.25,Yes,No,0,7.83
Twitter,Social,67.76,False,1.1,51,Male,5.97,4.16,4.99,Poor,Low,5.43,2.61,No,No,0,15.12
Evernote,Productivity,117.82,True,2.0,48,Other,1.12,6.56,4.44,Good,Low,6.62,1.45,No,Yes,0,12.120000000000001
YouTube,Entertainment,204.18,False,3.4,19,Female,11.4,2.65,4.85,Excellent,Medium,4.56,3.31,No,No,1,18.9
Twitter,Social,74.06,False,1.2,31,Male,9.46,7.86,3.69,Poor,High,5.85,2.87,No,No,0,21.01
Gmail,Utilities,60.11,False,1.0,49,Other,1.74,6.1,4.81,Good,Medium,4.06,2.55,No,Yes,0,12.649999999999999
Evernote,Productivity,88.73,True,1.5,48,Female,2.88,5.71,2.52,Fair,Medium,8.36,2.74,No,No,0,11.11
Snapchat,Social,65.85,False,1.1,43,Female,4.87,2.63,1.73,Excellent,Medium,7.01,5.35,No,No,0,9.23
Twitch,Entertainment,71.18,False,1.2,29,Other,6.22,1.81,3.1,Excellent,Low,4.59,1.38,No,Yes,0,11.129999999999999
Slack,Productivity,115.19,True,1.9,18,Male,3.24,2.28,0.34,Good,Low,5.54,7.9,No,No,0,5.859999999999999
YouTube,Entertainment,140.01,False,2.3,45,Other,10.15,3.13,1.71,Good,High,7.83,8.87,Yes,No,1,14.990000000000002
Spotify,Entertainment,120.05,False,2.0,22,Female,9.81,4.95,2.31,Good,High,8.31,4.99,Yes,No,1,17.07
WhatsApp,Social,72.59,False,1.2,38,Female,3.06,0.82,2.76,Excellent,Low,4.41,8.6,No,Yes,0,6.64
Twitch,Entertainment,71.17,False,1.2,29,Other,6.22,1.81,3.1,Excellent,Low,4.59,1.38,No,Yes,0,11.129999999999999
YouTube,Entertainment,73.79,False,1.2,31,Male,9.46,7.86,3.69,Poor,High,5.85,2.87,No,No,0,21.01
Gmail,Utilities,108.1,False,1.8,32,Other,1.8,2.42,3.03,Fair,Low,5.12,9.17,Yes,No,0,7.25
WhatsApp,Social,115.62,False,1.9,40,Female,11.8,4.62,2.01,Excellent,Medium,5.49,1.63,No,No,0,18.43
Chrome,Utilities,76.56,False,1.3,22,Other,1.55,2.07,4.21,Poor,High,7.06,6.25,Yes,No,0,7.83
TikTok,Entertainment,79.68,False,1.3,19,Other,4.55,1.6,0.77,Good,High,6.82,5.39,Yes,No,0,6.92
Google Docs,Productivity,87.42,True,1.5,48,Female,2.88,5.71,2.52,Fair,Medium,8.36,2.74,No,No,0,11.11
WhatsApp,Social,165.37,False,2.8,26,Male,10.65,7.76,0.35,Fair,High,6.56,6.27,Yes,No,1,18.76
Spotify,Entertainment,72.64,False,1.2,29,Other,2.08,4.68,4.14,Poor,Medium,4.36,2.23,Yes,No,0,10.899999999999999
Slack,Productivity,87.33,True,1.5,26,Female,9.35,0.33,2.64,Good,High,4.43,5.36,No,No,0,12.32
Spotify,Entertainment,71.58,False,1.2,19,Male,1.65,7.62,3.6,Excellent,High,7.31,4.49,No,Yes,0,12.87
Evernote,Productivity,69.26,True,1.2,29,Other,6.22,1.81,3.1,Excellent,Low,4.59,1.38,No,Yes,0,11.129999999999999
Notion,Productivity,212.87,True,3.5,60,Other,5.04,0.55,0.69,Poor,High,4.09,3.41,Yes,Yes,1,6.279999999999999
Twitter,Social,94.19,False,1.6,26,Other,10.79,4.65,0.78,Fair,Medium,6.9,6.89,Yes,Yes,0,16.22
Twitch,Entertainment,71.49,False,1.2,59,Male,11.09,6.96,4.17,Poor,Medium,7.1,1.29,Yes,No,0,22.22
Facebook,Social,64.89,False,1.1,49,Male,7.08,3.21,3.52,Good,Low,8.87,3.33,No,No,0,13.809999999999999
Chrome,Utilities,115.36,False,1.9,29,Female,3.92,7.49,2.36,Excellent,High,7.25,7.0,No,Yes,0,13.77
Gmail,Utilities,99.58,False,1.7,32,Female,3.43,5.88,4.84,Fair,Low,6.42,9.1,No,Yes,0,14.15
Facebook,Social,88.87,False,1.5,26,Female,9.35,0.33,2.64,Good,High,4.43,5.36,No,No,0,12.32
Google Maps,Utilities,71.93,False,1.2,29,Other,6.22,1.81,3.1,Excellent,Low,4.59,1.38,No,Yes,0,11.129999999999999
Evernote,Productivity,88.73,True,1.5,45,Female,8.33,4.66,1.79,Fair,Low,4.6,2.02,No,Yes,0,14.780000000000001
Spotify,Entertainment,73.26,False,1.2,29,Other,6.22,1.81,3.1,Excellent,Low,4.59,1.38,No,Yes,0,11.129999999999999
TikTok,Entertainment,85.98,False,1.4,62,Other,1.2,1.67,1.57,Excellent,High,7.29,9.64,Yes,No,0,4.44
Chrome,Utilities,110.96,False,1.8,63,Female,2.47,3.28,2.87,Good,High,4.08,0.84,Yes,Yes,0,8.620000000000001
YouTube,Entertainment,175.32,False,2.9,33,Other,9.42,4.28,4.67,Excellent,Low,7.49,4.28,Yes,No,1,18.369999999999997
Netflix,Entertainment,73.5,False,1.2,59,Female,9.07,4.05,1.86,Excellent,Low,6.16,8.9,No,Yes,0,14.98
Gmail,Utilities,72.25,False,1.2,19,Male,1.65,7.62,3.6,Excellent,High,7.31,4.49,No,Yes,0,12.87
Spotify,Entertainment,107.48,False,1.8,33,Other,5.01,2.04,4.23,Poor,High,5.76,0.82,No,Yes,0,11.280000000000001
Twitter,Social,79.77,False,1.3,37,Male,1.94,3.76,2.63,Poor,Low,6.65,5.13,No,Yes,0,8.329999999999998
Facebook,Social,89.68,False,1.5,34,Female,5.55,5.06,1.68,Good,High,8.88,2.37,Yes,No,0,12.29
Microsoft Teams,Productivity,66.59,True,1.1,51,Male,5.97,4.16,4.99,Poor,Low,5.43,2.61,No,No,0,15.12
Evernote,Productivity,86.53,True,1.4,31,Female,6.95,1.0,3.28,Fair,Low,6.85,4.66,Yes,No,0,11.23
WhatsApp,Social,72.59,False,1.2,29,Other,2.08,4.68,4.14,Poor,Medium,4.36,2.23,Yes,No,0,10.899999999999999
Slack,Productivity,214.45,True,3.6,64,Other,3.72,3.77,2.73,Excellent,High,5.99,3.4,No,No,1,10.22
Weather,Utilities,117.78,False,2.0,54,Other,1.94,1.61,1.88,Excellent,Low,5.92,4.47,Yes,Yes,0,5.43
WhatsApp,Social,80.92,False,1.3,22,Other,1.55,2.07,4.21,Poor,High,7.06,6.25,Yes,No,0,7.83
Microsoft Teams,Productivity,115.65,True,1.9,18,Male,3.24,2.28,0.34,Good,Low,5.54,7.9,No,No,0,5.859999999999999
WhatsApp,Social,90.06,False,1.5,45,Female,8.33,4.66,1.79,Fair,Low,4.6,2.02,No,Yes,0,14.780000000000001
Camera,Utilities,62.32,False,1.0,47,Male,2.41,4.09,4.39,Poor,Medium,6.21,0.33,Yes,No,0,10.89
YouTube,Entertainment,75.48,False,1.3,19,Other,4.55,1.6,0.77,Good,High,6.82,5.39,Yes,No,0,6.92
Spotify,Entertainment,85.37,False,1.4,26,Male,9.18,4.99,0.78,Excellent,High,5.39,4.62,Yes,No,0,14.95
WhatsApp,Social,136.67,False,2.3,32,Other,4.63,3.31,3.66,Fair,Low,6.98,5.32,No,Yes,1,11.6
Snapchat,Social,71.79,False,1.2,29,Other,6.22,1.81,3.1,Excellent,Low,4.59,1.38,No,Yes,0,11.129999999999999
Gmail,Utilities,60.27,False,1.0,47,Male,2.41,4.09,4.39,Poor,Medium,6.21,0.33,Yes,No,0,10.89
Snapchat,Social,142.66,False,2.4,42,Female,7.66,2.45,3.6,Fair,Medium,5.91,5.89,Yes,Yes,1,13.709999999999999
Twitch,Entertainment,72.76,False,1.2,29,Other,2.08,4.68,4.14,Poor,Medium,4.36,2.23,Yes,No,0,10.899999999999999
Twitter,Social,63.15,False,1.1,43,Female,4.87,2.63,1.73,Excellent,Medium,7.01,5.35,No,No,0,9.23
Evernote,Productivity,96.67,True,1.6,26,Female,7.75,5.6,0.1,Fair,Medium,8.16,6.43,No,No,0,13.45
Slack,Productivity,107.99,True,1.8,63,Female,2.47,3.28,2.87,Good,High,4.08,0.84,Yes,Yes,0,8.620000000000001
Google Maps,Utilities,86.47,False,1.4,65,Other,7.58,7.92,1.62,Fair,Low,5.2,7.24,No,No,0,17.12
Snapchat,Social,109.16,False,1.8,63,Female,2.47,3.28,2.87,Good,High,4.08,0.84,Yes,Yes,0,8.620000000000001
WhatsApp,Social,80.92,False,1.3,55,Female,1.84,5.98,3.14,Good,High,4.36,4.52,Yes,No,0,10.96
Slack,Productivity,81.36,True,1.4,26,Male,9.18,4.99,0.78,Excellent,High,5.39,4.62,Yes,No,0,14.95
WhatsApp,Social,92.36,False,1.5,63,Other,6.64,4.76,4.38,Excellent,Medium,8.75,0.12,Yes,No,0,15.779999999999998
Facebook,Social,70.61,False,1.2,38,Female,3.06,0.82,2.76,Excellent,Low,4.41,8.6,No,Yes,0,6.64
Gmail,Utilities,83.9,False,1.4,65,Other,7.58,7.92,1.62,Fair,Low,5.2,7.24,No,No,0,17.12
Camera,Utilities,91.26,False,1.5,34,Female,5.55,5.06,1.68,Good,High,8.88,2.37,Yes,No,0,12.29
Spotify,Entertainment,67.17,False,1.1,49,Male,7.08,3.21,3.52,Good,Low,8.87,3.33,No,No,0,13.809999999999999
Snapchat,Social,64.38,False,1.1,55,Other,3.28,2.9,0.42,Good,High,6.41,1.33,No,No,0,6.6
Google Docs,Productivity,87.42,True,1.5,49,Other,2.93,0.48,4.54,Poor,High,8.31,6.98,Yes,No,0,7.95
YouTube,Entertainment,71.7,False,1.2,19,Male,1.65,7.62,3.6,Excellent,High,7.31,4.49,No,Yes,0,12.87
Spotify,Entertainment,61.47,False,1.0,49,Other,1.74,6.1,4.81,Good,Medium,4.06,2.55,No,Yes,0,12.649999999999999
Twitch,Entertainment,108.23,False,1.8,63,Female,2.47,3.28,2.87,Good,High,4.08,0.84,Yes,Yes,0,8.620000000000001
Twitch,Entertainment,60.42,False,1.0,22,Male,8.31,0.93,1.51,Fair,Low,4.66,4.93,No,No,0,10.75
Spotify,Entertainment,90.01,False,1.5,45,Female,8.33,4.66,1.79,Fair,Low,4.6,2.02,No,Yes,0,14.780000000000001
Weather,Utilities,113.89,False,1.9,29,Female,3.92,7.49,2.36,Excellent,High,7.25,7.0,No,Yes,0,13.77
Slack,Productivity,120.59,True,2.0,40,Other,6.71,7.53,1.65,Excellent,Medium,7.31,3.2,Yes,Yes,1,15.89
YouTube,Entertainment,76.02,False,1.3,55,Female,1.84,5.98,3.14,Good,High,4.36,4.52,Yes,No,0,10.96
TikTok,Entertainment,82.22,False,1.4,65,Other,7.58,7.92,1.62,Fair,Low,5.2,7.24,No,No,0,17.12
Twitter,Social,74.26,False,1.2,29,Other,2.08,4.68,4.14,Poor,Medium,4.36,2.23,Yes,No,0,10.899999999999999
YouTube,Entertainment,87.02,False,1.5,26,Female,9.35,0.33,2.64,Good,High,4.43,5.36,No,No,0,12.32
Microsoft Teams,Productivity,70.86,True,1.2,38,Female,3.06,0.82,2.76,Excellent,Low,4.41,8.6,No,Yes,0,6.64
Camera,Utilities,93.37,False,1.6,26,Female,7.75,5.6,0.1,Fair,Medium,8.16,6.43,No,No,0,13.45
Camera,Utilities,89.53,False,1.5,48,Female,2.88,5.71,2.52,Fair,Medium,8.36,2.74,No,No,0,11.11
Google Maps,Utilities,75.7,False,1.3,37,Male,1.94,3.76,2.63,Poor,Low,6.65,5.13,No,Yes,0,8.329999999999998
WhatsApp,Social,115.62,False,1.9,25,Other,4.5,2.76,1.43,Fair,Low,4.5,5.83,Yes,Yes,0,8.69
Microsoft Teams,Productivity,69.48,True,1.2,31,Male,9.46,7.86,3.69,Poor,High,5.85,2.87,No,No,0,21.01
Notion,Productivity,69.13,True,1.2,47,Female,11.46,4.81,4.68,Fair,Medium,6.43,7.89,No,Yes,0,20.95
YouTube,Entertainment,86.42,False,1.4,65,Other,7.58,7.92,1.62,Fair,Low,5.2,7.24,No,No,0,17.12
Facebook,Social,70.61,False,1.2,29,Other,2.08,4.68,4.14,Poor,Medium,4.36,2.23,Yes,No,0,10.899999999999999
Twitter,Social,77.17,False,1.3,22,Other,1.55,2.07,4.21,Poor,High,7.06,6.25,Yes,No,0,7.83
YouTube,Entertainment,73.77,False,1.2,47,Female,11.46,4.81,4.68,Fair,Medium,6.43,7.89,No,Yes,0,20.95
Spotify,Entertainment,71.58,False,1.2,29,Other,6.22,1.81,3.1,Excellent,Low,4.59,1.38,No,Yes,0,11.129999999999999
YouTube,Entertainment,75.64,False,1.3,19,Other,4.55,1.6,0.77,Good,High,6.82,5.39,Yes,No,0,6.92
YouTube,Entertainment,87.02,False,1.5,48,Female,2.88,5.71,2.52,Fair,Medium,8.36,2.74,No,No,0,11.11
Spotify,Entertainment,72.64,False,1.2,38,Female,3.06,0.82,2.76,Excellent,Low,4.41,8.6,No,Yes,0,6.64
Twitch,Entertainment,72.76,False,1.2,59,Male,11.09,6.96,4.17,Poor,Medium,7.1,1.29,Yes,No,0,22.22
Google Docs,Productivity,106.11,True,1.8,19,Other,8.45,4.7,4.0,Excellent,High,5.49,5.51,No,Yes,0,17.15
Snapchat,Social,81.9,False,1.4,26,Male,9.18,4.99,0.78,Excellent,High,5.39,4.62,Yes,No,0,14.95
Chrome,Utilities,114.29,False,1.9,56,Male,7.8,4.55,2.57,Good,High,5.09,5.85,Yes,No,0,14.92
Twitch,Entertainment,73.4,False,1.2,38,Female,3.06,0.82,2.76,Excellent,Low,4.41,8.6,No,Yes,0,6.64
YouTube,Entertainment,61.31,False,1.0,47,Male,2.41,4.09,4.39,Poor,Medium,6.21,0.33,Yes,No,0,10.89
Netflix,Entertainment,57.19,False,1.0,47,Male,2.41,4.09,4.39,Poor,Medium,6.21,0.33,Yes,No,0,10.89
Netflix,Entertainment,141.37,False,2.4,27,Female,4.89,6.33,1.31,Fair,High,8.45,0.79,Yes,Yes,1,12.53
Microsoft Teams,Productivity,175.2,True,2.9,62,Other,3.34,4.07,4.16,Fair,Medium,5.31,5.65,No,No,1,11.57
Spotify,Entertainment,87.66,False,1.5,49,Other,2.93,0.48,4.54,Poor,High,8.31,6.98,Yes,No,0,7.95
Slack,Productivity,197.71,True,3.3,22,Male,1.41,5.74,4.21,Good,Medium,4.2,5.47,Yes,Yes,1,11.36
Spotify,Entertainment,118.76,False,2.0,54,Other,1.94,1.61,1.88,Excellent,Low,5.92,4.47,Yes,Yes,0,5.43
Google Docs,Productivity,154.46,True,2.6,52,Male,8.63,5.11,3.02,Fair,High,4.04,1.56,No,No,1,16.76
WhatsApp,Social,165.37,False,2.8,56,Female,9.07,5.54,1.67,Poor,High,8.61,7.12,Yes,Yes,1,16.28
Chrome,Utilities,64.23,False,1.1,55,Other,3.28,2.9,0.42,Good,High,6.41,1.33,No,No,0,6.6
YouTube,Entertainment,86.42,False,1.4,62,Other,1.2,1.67,1.57,Excellent,High,7.29,9.64,Yes,No,0,4.44
Weather,Utilities,113.89,False,1.9,46,Male,8.16,1.06,1.57,Fair,High,4.11,8.77,No,Yes,0,10.790000000000001
Slack,Productivity,107.99,True,1.8,41,Male,1.93,1.6,1.54,Fair,Low,5.59,1.91,Yes,Yes,0,5.07
YouTube,Entertainment,175.32,False,2.9,41,Male,4.68,5.26,0.84,Excellent,Medium,4.84,2.33,No,No,1,10.78
WhatsApp,Social,149.72,False,2.5,25,Other,9.75,4.02,2.33,Good,Low,5.54,6.39,No,No,1,16.1
Evernote,Productivity,117.82,True,2.0,22,Female,9.81,4.95,2.31,Good,High,8.31,4.99,Yes,No,0,17.07
Instagram,Social,173.86,False,2.9,41,Male,4.68,5.26,0.84,Excellent,Medium,4.84,2.33,No,No,1,10.78
YouTube,Entertainment,87.02,False,1.5,45,Female,8.33,4.66,1.79,Fair,Low,4.6,2.02,No,Yes,0,14.780000000000001
Weather,Utilities,60.67,False,1.0,49,Other,1.74,6.1,4.81,Good,Medium,4.06,2.55,No,Yes,0,12.649999999999999
Slack,Productivity,120.59,True,2.0,36,Male,7.51,7.24,0.83,Fair,Medium,5.85,4.75,Yes,Yes,1,15.58
Microsoft Teams,Productivity,62.83,True,1.0,22,Male,8.31,0.93,1.51,Fair,Low,4.66,4.93,No,No,0,10.75
Google Maps,Utilities,73.82,False,1.2,38,Female,3.06,0.82,2.76,Excellent,Low,4.41,8.6,No,Yes,0,6.64
Instagram,Social,71.74,False,1.2,31,Male,9.46,7.86,3.69,Poor,High,5.85,2.87,No,No,0,21.01
TikTok,Entertainment,67.5,False,1.1,55,Other,3.28,2.9,0.42,Good,High,6.41,1.33,No,No,0,6.6
Chrome,Utilities,114.29,False,1.9,46,Male,8.16,1.06,1.57,Fair,High,4.11,8.77,No,Yes,0,10.790000000000001
Evernote,Productivity,72.31,True,1.2,50,Male,1.11,6.67,3.68,Good,Low,4.61,8.16,No,Yes,0,11.46
Twitter,Social,81.39,False,1.4,32,Other,8.28,2.09,4.14,Fair,High,5.61,5.08,No,Yes,0,14.509999999999998
WhatsApp,Social,64.9,False,1.1,43,Female,4.87,2.63,1.73,Excellent,Medium,7.01,5.35,No,No,0,9.23
Chrome,Utilities,95.09,False,1.6,26,Other,10.79,4.65,0.78,Fair,Medium,6.9,6.89,Yes,Yes,0,16.22
Snapchat,Social,124.05,False,2.1,19,Male,7.85,4.69,3.71,Good,Medium,5.55,4.55,Yes,No,1,16.25
Facebook,Social,70.61,False,1.2,19,Male,1.65,7.62,3.6,Excellent,High,7.31,4.49,No,Yes,0,12.87
Facebook,Social,70.61,False,1.2,29,Other,6.22,1.81,3.1,Excellent,Low,4.59,1.38,No,Yes,0,11.129999999999999
Camera,Utilities,61.71,False,1.0,49,Other,1.74,6.1,4.81,Good,Medium,4.06,2.55,No,Yes,0,12.649999999999999
Google Maps,Utilities,89.55,False,1.5,49,Other,2.93,0.48,4.54,Poor,High,8.31,6.98,Yes,No,0,7.95
Instagram,Social,74.35,False,1.2,31,Male,9.46,7.86,3.69,Poor,High,5.85,2.87,No,No,0,21.01
Microsoft Teams,Productivity,122.04,True,2.0,34,Female,10.47,0.94,3.84,Good,Low,7.35,5.57,No,No,1,15.25
Twitch,Entertainment,94.94,False,1.6,48,Male,4.96,2.69,1.34,Fair,High,8.46,0.55,Yes,Yes,0,8.99
Gmail,Utilities,59.44,False,1.0,47,Male,2.41,4.09,4.39,Poor,Medium,6.21,0.33,Yes,No,0,10.89
YouTube,Entertainment,64.94,False,1.1,55,Other,3.28,2.9,0.42,Good,High,6.41,1.33,No,No,0,6.6
Gmail,Utilities,133.09,False,2.2,18,Male,3.26,5.59,4.21,Poor,Low,5.21,1.08,No,No,1,13.059999999999999
Facebook,Social,62.49,False,1.0,47,Male,2.41,4.09,4.39,Poor,Medium,6.21,0.33,Yes,No,0,10.89
Spotify,Entertainment,87.22,False,1.5,26,Female,9.35,0.33,2.64,Good,High,4.43,5.36,No,No,0,12.32
Spotify,Entertainment,57.98,False,1.0,47,Male,2.41,4.09,4.39,Poor,Medium,6.21,0.33,Yes,No,0,10.89
Notion,Productivity,63.42,True,1.1,55,Other,3.28,2.9,0.42,Good,High,6.41,1.33,No,No,0,6.6
WhatsApp,Social,88.65,False,1.5,25,Male,4.86,1.7,0.76,Fair,Medium,6.72,5.26,No,Yes,0,7.32
Chrome,Utilities,71.41,False,1.2,38,Female,3.06,0.82,2.76,Excellent,Low,4.41,8.6,No,Yes,0,6.64
Chrome,Utilities,84.4,False,1.4,53,Male,10.57,7.28,3.45,Fair,Low,5.65,9.81,No,No,0,21.3
Evernote,Productivity,59.15,True,1.0,49,Other,1.74,6.1,4.81,Good,Medium,4.06,2.55,No,Yes,0,12.649999999999999
Microsoft Teams,Productivity,144.1,True,2.4,39,Male,1.28,4.94,2.87,Fair,Medium,8.15,6.09,No,No,1,9.09
Camera,Utilities,73.66,False,1.2,59,Male,11.09,6.96,4.17,Poor,Medium,7.1,1.29,Yes,No,0,22.22
Google Maps,Utilities,63.36,False,1.1,51,Male,5.97,4.16,4.99,Poor,Low,5.43,2.61,No,No,0,15.12
Facebook,Social,65.48,False,1.1,49,Male,7.08,3.21,3.52,Good,Low,8.87,3.33,No,No,0,13.809999999999999
Facebook,Social,64.16,False,1.1,39,Female,8.21,3.61,2.14,Good,Medium,7.9,6.11,No,Yes,0,13.96
Twitter,Social,74.08,False,1.2,29,Other,2.08,4.68,4.14,Poor,Medium,4.36,2.23,Yes,No,0,10.899999999999999
Camera,Utilities,73.66,False,1.2,50,Male,1.11,6.67,3.68,Good,Low,4.61,8.16,No,Yes,0,11.46
Gmail,Utilities,79.44,False,1.3,22,Other,1.55,2.07,4.21,Poor,High,7.06,6.25,Yes,No,0,7.83
Twitter,Social,125.59,False,2.1,20,Male,3.95,7.84,1.57,Poor,Medium,6.44,3.03,No,Yes,1,13.36
Spotify,Entertainment,87.66,False,1.5,26,Female,9.35,0.33,2.64,Good,High,4.43,5.36,No,No,0,12.32
Spotify,Entertainment,97.21,False,1.6,26,Other,10.79,4.65,0.78,Fair,Medium,6.9,6.89,Yes,Yes,0,16.22
Microsoft Teams,Productivity,70.21,True,1.2,29,Other,2.08,4.68,4.14,Poor,Medium,4.36,2.23,Yes,No,0,10.899999999999999
Spotify,Entertainment,73.26,False,1.2,31,Male,9.46,7.86,3.69,Poor,High,5.85,2.87,No,No,0,21.01
YouTube,Entertainment,58.6,False,1.0,47,Male,2.41,4.09,4.39,Poor,Medium,6.21,0.33,Yes,No,0,10.89
Microsoft Teams,Productivity,144.1,True,2.4,42,Female,7.66,2.45,3.6,Fair,Medium,5.91,5.89,Yes,Yes,1,13.709999999999999
YouTube,Entertainment,76.02,False,1.3,37,Male,1.94,3.76,2.63,Poor,Low,6.65,5.13,No,Yes,0,8.329999999999998
Spotify,Entertainment,73.22,False,1.2,28,Male,1.83,3.37,1.42,Poor,Medium,5.87,7.54,No,Yes,0,6.62
Microsoft Teams,Productivity,69.48,True,1.2,29,Other,6.22,1.81,3.1,Excellent,Low,4.59,1.38,No,Yes,0,11.129999999999999
Snapchat,Social,84.67,False,1.4,26,Male,9.18,4.99,0.78,Excellent,High,5.39,4.62,Yes,No,0,14.95
Twitch,Entertainment,73.4,False,1.2,59,Female,9.07,4.05,1.86,Excellent,Low,6.16,8.9,No,Yes,0,14.98
Evernote,Productivity,89.75,True,1.5,34,Female,5.55,5.06,1.68,Good,High,8.88,2.37,Yes,No,0,12.29
Weather,Utilities,81.48,False,1.4,53,Male,10.57,7.28,3.45,Fair,Low,5.65,9.81,No,No,0,21.3
Notion,Productivity,112.84,True,1.9,29,Female,3.92,7.49,2.36,Excellent,High,7.25,7.0,No,Yes,0,13.77
Spotify,Entertainment,59.64,False,1.0,49,Other,1.74,6.1,4.81,Good,Medium,4.06,2.55,No,Yes,0,12.649999999999999
Instagram,Social,63.91,False,1.1,43,Female,4.87,2.63,1.73,Excellent,Medium,7.01,5.35,No,No,0,9.23
Weather,Utilities,73.35,False,1.2,59,Male,11.09,6.96,4.17,Poor,Medium,7.1,1.29,Yes,No,0,22.22
TikTok,Entertainment,97.36,False,1.6,52,Other,4.21,2.36,1.65,Good,Medium,4.07,2.99,Yes,Yes,0,8.22
Slack,Productivity,58.38,True,1.0,22,Male,8.31,0.93,1.51,Fair,Low,4.66,4.93,No,No,0,10.75
Instagram,Social,77.75,False,1.3,37,Male,1.94,3.76,2.63,Poor,Low,6.65,5.13,No,Yes,0,8.329999999999998
Microsoft Teams,Productivity,95.2,True,1.6,26,Female,7.75,5.6,0.1,Fair,Medium,8.16,6.43,No,No,0,13.45
Slack,Productivity,73.02,True,1.2,31,Male,9.46,7.86,3.69,Poor,High,5.85,2.87,No,No,0,21.01
Evernote,Productivity,93.16,True,1.6,26,Female,7.75,5.6,0.1,Fair,Medium,8.16,6.43,No,No,0,13.45
Evernote,Productivity,82.88,True,1.4,32,Other,8.28,2.09,4.14,Fair,High,5.61,5.08,No,Yes,0,14.509999999999998
Twitter,Social,85.92,False,1.4,26,Male,9.18,4.99,0.78,Excellent,High,5.39,4.62,Yes,No,0,14.95
Instagram,Social,134.14,False,2.2,26,Male,10.46,0.49,3.01,Excellent,High,5.54,6.5,No,Yes,1,13.96
Microsoft Teams,Productivity,116.23,True,1.9,40,Female,11.8,4.62,2.01,Excellent,Medium,5.49,1.63,No,No,0,18.43
Google Maps,Utilities,81.26,False,1.4,62,Other,1.2,1.67,1.57,Excellent,High,7.29,9.64,Yes,No,0,4.44
Chrome,Utilities,166.24,False,2.8,20,Male,1.49,3.23,1.61,Poor,High,8.79,1.5,No,No,1,6.33
Google Maps,Utilities,71.93,False,1.2,19,Male,1.65,7.62,3.6,Excellent,High,7.31,4.49,No,Yes,0,12.87
Snapchat,Social,138.82,False,2.3,32,Other,4.63,3.31,3.66,Fair,Low,6.98,5.32,No,Yes,1,11.6
Spotify,Entertainment,107.48,False,1.8,32,Other,1.8,2.42,3.03,Fair,Low,5.12,9.17,Yes,No,0,7.25
Spotify,Entertainment,85.37,False,1.4,53,Male,10.57,7.28,3.45,Fair,Low,5.65,9.81,No,No,0,21.3
Spotify,Entertainment,155.53,False,2.6,35,Female,11.96,0.76,4.46,Good,Medium,6.95,8.13,No,Yes,1,17.18
Camera,Utilities,67.35,False,1.1,43,Female,4.87,2.63,1.73,Excellent,Medium,7.01,5.35,No,No,0,9.23
Facebook,Social,89.68,False,1.5,25,Male,4.86,1.7,0.76,Fair,Medium,6.72,5.26,No,Yes,0,7.32
WhatsApp,Social,61.69,False,1.0,49,Other,1.74,6.1,4.81,Good,Medium,4.06,2.55,No,Yes,0,12.649999999999999
Notion,Productivity,182.79,True,3.0,59,Other,6.25,4.75,0.15,Poor,High,5.67,4.88,Yes,No,1,11.15
Evernote,Productivity,82.88,True,1.4,62,Other,1.2,1.67,1.57,Excellent,High,7.29,9.64,Yes,No,0,4.44
Snapchat,Social,142.66,False,2.4,65,Other,1.49,0.21,3.89,Fair,Medium,8.67,0.7,Yes,No,1,5.59
WhatsApp,Social,106.12,False,1.8,57,Other,3.84,1.28,1.78,Good,High,5.39,4.45,Yes,No,0,6.9
Chrome,Utilities,71.41,False,1.2,29,Other,2.08,4.68,4.14,Poor,Medium,4.36,2.23,Yes,No,0,10.899999999999999
TikTok,Entertainment,88.24,False,1.5,48,Female,2.88,5.71,2.52,Fair,Medium,8.36,2.74,No,No,0,11.11
TikTok,Entertainment,61.2,False,1.0,49,Other,1.74,6.1,4.81,Good,Medium,4.06,2.55,No,Yes,0,12.649999999999999
Microsoft Teams,Productivity,82.08,True,1.4,26,Male,9.18,4.99,0.78,Excellent,High,5.39,4.62,Yes,No,0,14.95
Microsoft Teams,Productivity,218.39,True,3.6,25,Female,9.3,1.88,1.01,Good,High,4.91,7.21,Yes,No,1,12.19
Twitch,Entertainment,71.18,False,1.2,28,Male,1.83,3.37,1.42,Poor,Medium,5.87,7.54,No,Yes,0,6.62
Notion,Productivity,95.97,True,1.6,26,Other,10.79,4.65,0.78,Fair,Medium,6.9,6.89,Yes,Yes,0,16.22
Twitter,Social,61.45,False,1.0,49,Other,1.74,6.1,4.81,Good,Medium,4.06,2.55,No,Yes,0,12.649999999999999
Facebook,Social,70.61,False,1.2,59,Female,9.07,4.05,1.86,Excellent,Low,6.16,8.9,No,Yes,0,14.98
WhatsApp,Social,64.29,False,1.1,39,Female,8.21,3.61,2.14,Good,Medium,7.9,6.11,No,Yes,0,13.96
WhatsApp,Social,149.72,False,2.5,38,Female,10.15,3.49,0.8,Excellent,Medium,5.67,5.2,No,No,1,14.440000000000001
Weather,Utilities,65.35,False,1.1,55,Other,3.28,2.9,0.42,Good,High,6.41,1.33,No,No,0,6.6
YouTube,Entertainment,59.4,False,1.0,47,Male,2.41,4.09,4.39,Poor,Medium,6.21,0.33,Yes,No,0,10.89
YouTube,Entertainment,63.64,False,1.1,49,Male,7.08,3.21,3.52,Good,Low,8.87,3.33,No,No,0,13.809999999999999
Twitter,Social,70.29,False,1.2,50,Male,1.11,6.67,3.68,Good,Low,4.61,8.16,No,Yes,0,11.46
Twitter,Social,76.3,False,1.3,19,Other,4.55,1.6,0.77,Good,High,6.82,5.39,Yes,No,0,6.92
Slack,Productivity,73.02,True,1.2,19,Male,1.65,7.62,3.6,Excellent,High,7.31,4.49,No,Yes,0,12.87
Chrome,Utilities,88.22,False,1.5,63,Other,6.64,4.76,4.38,Excellent,Medium,8.75,0.12,Yes,No,0,15.779999999999998
Microsoft Teams,Productivity,70.21,True,1.2,28,Male,1.83,3.37,1.42,Poor,Medium,5.87,7.54,No,Yes,0,6.62
YouTube,Entertainment,71.42,False,1.2,47,Female,11.46,4.81,4.68,Fair,Medium,6.43,7.89,No,Yes,0,20.95
Weather,Utilities,73.35,False,1.2,31,Male,9.46,7.86,3.69,Poor,High,5.85,2.87,No,No,0,21.01
Instagram,Social,173.86,False,2.9,62,Other,3.34,4.07,4.16,Fair,Medium,5.31,5.65,No,No,1,11.57
Evernote,Productivity,69.26,True,1.2,59,Male,11.09,6.96,4.17,Poor,Medium,7.1,1.29,Yes,No,0,22.22
Google Docs,Productivity,90.26,True,1.5,38,Male,3.42,7.58,2.96,Fair,Medium,7.15,7.05,Yes,Yes,0,13.96
YouTube,Entertainment,71.42,False,1.2,38,Female,3.06,0.82,2.76,Excellent,Low,4.41,8.6,No,Yes,0,6.64
Notion,Productivity,212.87,True,3.5,53,Female,1.22,6.56,1.65,Good,High,6.69,2.24,Yes,Yes,1,9.43
Twitter,Social,74.26,False,1.2,29,Other,6.22,1.81,3.1,Excellent,Low,4.59,1.38,No,Yes,0,11.129999999999999
Notion,Productivity,82.34,True,1.4,53,Male,10.57,7.28,3.45,Fair,Low,5.65,9.81,No,No,0,21.3
Gmail,Utilities,69.05,False,1.2,47,Female,11.46,4.81,4.68,Fair,Medium,6.43,7.89,No,Yes,0,20.95
Evernote,Productivity,71.26,True,1.2,59,Male,11.09,6.96,4.17,Poor,Medium,7.1,1.29,Yes,No,0,22.22
Facebook,Social,131.26,False,2.2,55,Female,1.86,2.93,0.47,Good,Low,6.08,9.86,No,No,1,5.26
Camera,Utilities,77.02,False,1.3,22,Other,1.55,2.07,4.21,Poor,High,7.06,6.25,Yes,No,0,7.83
YouTube,Entertainment,94.55,False,1.6,26,Female,7.75,5.6,0.1,Fair,Medium,8.16,6.43,No,No,0,13.45
Chrome,Utilities,185.65,False,3.1,61,Male,11.01,0.57,4.22,Fair,High,7.94,4.58,Yes,Yes,1,15.8
Gmail,Utilities,97.46,False,1.6,26,Female,7.75,5.6,0.1,Fair,Medium,8.16,6.43,No,No,0,13.45
Twitter,Social,88.39,False,1.5,49,Other,2.93,0.48,4.54,Poor,High,8.31,6.98,Yes,No,0,7.95
Microsoft Teams,Productivity,82.08,True,1.4,31,Female,6.95,1.0,3.28,Fair,Low,6.85,4.66,Yes,No,0,11.23
Snapchat,Social,71.79,False,1.2,29,Other,2.08,4.68,4.14,Poor,Medium,4.36,2.23,Yes,No,0,10.899999999999999
Slack,Productivity,120.59,True,2.0,54,Other,1.94,1.61,1.88,Excellent,Low,5.92,4.47,Yes,Yes,1,5.43
WhatsApp,Social,90.65,False,1.5,49,Other,2.93,0.48,4.54,Poor,High,8.31,6.98,Yes,No,0,7.95
Notion,Productivity,69.13,True,1.2,31,Male,9.46,7.86,3.69,Poor,High,5.85,2.87,No,No,0,21.01
Evernote,Productivity,95.04,True,1.6,48,Male,4.96,2.69,1.34,Fair,High,8.46,0.55,Yes,Yes,0,8.99
Camera,Utilities,91.26,False,1.5,26,Female,9.35,0.33,2.64,Good,High,4.43,5.36,No,No,0,12.32
Gmail,Utilities,108.1,False,1.8,33,Other,5.01,2.04,4.23,Poor,High,5.76,0.82,No,Yes,0,11.280000000000001
Snapchat,Social,81.9,False,1.4,62,Other,1.2,1.67,1.57,Excellent,High,7.29,9.64,Yes,No,0,4.44
Camera,Utilities,77.02,False,1.3,19,Other,4.55,1.6,0.77,Good,High,6.82,5.39,Yes,No,0,6.92
YouTube,Entertainment,138.13,False,2.3,45,Other,10.15,3.13,1.71,Good,High,7.83,8.87,Yes,No,1,14.990000000000002
Microsoft Teams,Productivity,144.1,True,2.4,36,Male,6.24,6.76,2.71,Poor,Medium,5.28,1.93,No,Yes,1,15.71
WhatsApp,Social,60.1,False,1.0,49,Other,1.74,6.1,4.81,Good,Medium,4.06,2.55,No,Yes,0,12.649999999999999
Snapchat,Social,109.16,False,1.8,41,Male,1.93,1.6,1.54,Fair,Low,5.59,1.91,Yes,Yes,0,5.07
Twitter,Social,94.19,False,1.6,52,Other,4.21,2.36,1.65,Good,Medium,4.07,2.99,Yes,Yes,0,8.22
Google Maps,Utilities,84.67,False,1.4,26,Male,9.18,4.99,0.78,Excellent,High,5.39,4.62,Yes,No,0,14.95
Notion,Productivity,64.99,True,1.1,51,Male,5.97,4.16,4.99,Poor,Low,5.43,2.61,No,No,0,15.12
Weather,Utilities,117.78,False,2.0,48,Other,1.12,6.56,4.44,Good,Low,6.62,1.45,No,Yes,0,12.120000000000001
YouTube,Entertainment,94.55,False,1.6,35,Other,2.88,2.89,0.38,Fair,Low,8.28,9.81,Yes,No,0,6.1499999999999995
Netflix,Entertainment,141.37,False,2.4,41,Male,7.92,1.98,3.25,Good,Medium,6.02,8.34,Yes,Yes,1,13.15
Camera,Utilities,69.77,False,1.2,29,Other,2.08,4.68,4.14,Poor,Medium,4.36,2.23,Yes,No,0,10.899999999999999
TikTok,Entertainment,88.24,False,1.5,34,Female,5.55,5.06,1.68,Good,High,8.88,2.37,Yes,No,0,12.29
YouTube,Entertainment,86.04,False,1.4,31,Female,6.95,1.0,3.28,Fair,Low,6.85,4.66,Yes,No,0,11.23
Snapchat,Social,110.47,False,1.8,19,Other,8.45,4.7,4.0,Excellent,High,5.49,5.51,No,Yes,0,17.15
Twitter,Social,85.92,False,1.4,53,Male,10.57,7.28,3.45,Fair,Low,5.65,9.81,No,No,0,21.3
Google Docs,Productivity,97.83,True,1.6,35,Other,2.88,2.89,0.38,Fair,Low,8.28,9.81,Yes,No,0,6.1499999999999995
Weather,Utilities,107.5,False,1.8,32,Other,1.8,2.42,3.03,Fair,Low,5.12,9.17,Yes,No,0,7.25
Google Docs,Productivity,97.83,True,1.6,26,Other,10.79,4.65,0.78,Fair,Medium,6.9,6.89,Yes,Yes,0,16.22
Chrome,Utilities,65.18,False,1.1,39,Female,8.21,3.61,2.14,Good,Medium,7.9,6.11,No,Yes,0,13.96
YouTube,Entertainment,71.42,False,1.2,19,Male,1.65,7.62,3.6,Excellent,High,7.31,4.49,No,Yes,0,12.87
Facebook,Social,76.53,False,1.3,19,Other,4.55,1.6,0.77,Good,High,6.82,5.39,Yes,No,0,6.92
Camera,Utilities,61.63,False,1.0,49,Other,1.74,6.1,4.81,Good,Medium,4.06,2.55,No,Yes,0,12.649999999999999
Spotify,Entertainment,155.53,False,2.6,52,Male,8.63,5.11,3.02,Fair,High,4.04,1.56,No,No,1,16.76
Camera,Utilities,61.71,False,1.0,22,Male,8.31,0.93,1.51,Fair,Low,4.66,4.93,No,No,0,10.75
Slack,Productivity,120.59,True,2.0,34,Female,10.47,0.94,3.84,Good,Low,7.35,5.57,No,No,1,15.25
Twitter,Social,88.39,False,1.5,45,Female,8.33,4.66,1.79,Fair,Low,4.6,2.02,No,Yes,0,14.780000000000001
Google Docs,Productivity,117.68,True,2.0,50,Female,7.6,1.71,4.1,Fair,Low,7.09,3.61,Yes,No,0,13.409999999999998
YouTube,Entertainment,59.81,False,1.0,49,Other,1.74,6.1,4.81,Good,Medium,4.06,2.55,No,Yes,0,12.649999999999999
Evernote,Productivity,71.26,True,1.2,28,Male,1.83,3.37,1.42,Poor,Medium,5.87,7.54,No,Yes,0,6.62
Gmail,Utilities,69.05,False,1.2,29,Other,6.22,1.81,3.1,Excellent,Low,4.59,1.38,No,Yes,0,11.129999999999999
Slack,Productivity,214.45,True,3.6,25,Other,6.35,2.21,0.21,Good,Low,6.36,0.21,No,Yes,1,8.77
Microsoft Teams,Productivity,69.48,True,1.2,19,Male,1.65,7.62,3.6,Excellent,High,7.31,4.49,No,Yes,0,12.87
Spotify,Entertainment,140.73,False,2.3,64,Male,6.95,5.03,4.53,Excellent,Medium,5.69,9.21,No,Yes,1,16.51
Spotify,Entertainment,64.69,False,1.1,43,Female,4.87,2.63,1.73,Excellent,Medium,7.01,5.35,No,No,0,9.23
YouTube,Entertainment,107.74,False,1.8,41,Male,1.68,6.02,0.39,Fair,High,5.08,6.39,Yes,No,0,8.09
Weather,Utilities,117.78,False,2.0,36,Other,9.34,5.41,1.32,Good,High,7.28,6.72,Yes,No,0,16.07
Gmail,Utilities,163.03,False,2.7,57,Male,3.46,4.04,3.34,Poor,Low,8.31,8.09,Yes,No,1,10.84
Spotify,Entertainment,120.05,False,2.0,34,Female,10.47,0.94,3.84,Good,Low,7.35,5.57,No,No,1,15.25
WhatsApp,Social,95.78,False,1.6,35,Other,2.88,2.89,0.38,Fair,Low,8.28,9.81,Yes,No,0,6.1499999999999995
Facebook,Social,74.63,False,1.2,19,Male,1.65,7.62,3.6,Excellent,High,7.31,4.49,No,Yes,0,12.87
Twitch,Entertainment,108.23,False,1.8,23,Female,7.46,0.31,1.19,Fair,High,8.29,1.89,No,Yes,0,8.959999999999999
Facebook,Social,70.61,False,1.2,31,Male,9.46,7.86,3.69,Poor,High,5.85,2.87,No,No,0,21.01
Spotify,Entertainment,140.73,False,2.3,45,Male,7.95,6.98,3.48,Excellent,Medium,7.07,4.98,Yes,No,1,18.41
Twitch,Entertainment,96.19,False,1.6,26,Other,10.79,4.65,0.78,Fair,Medium,6.9,6.89,Yes,Yes,0,16.22
Google Docs,Productivity,70.22,True,1.2,29,Other,2.08,4.68,4.14,Poor,Medium,4.36,2.23,Yes,No,0,10.899999999999999
Gmail,Utilities,86.93,False,1.4,32,Other,8.28,2.09,4.14,Fair,High,5.61,5.08,No,Yes,0,14.509999999999998
YouTube,Entertainment,107.74,False,1.8,57,Other,3.84,1.28,1.78,Good,High,5.39,4.45,Yes,No,0,6.9
Evernote,Productivity,89.75,True,1.5,45,Female,8.33,4.66,1.79,Fair,Low,4.6,2.02,No,Yes,0,14.780000000000001
Twitch,Entertainment,166.04,False,2.8,20,Male,1.49,3.23,1.61,Poor,High,8.79,1.5,No,No,1,6.33
Slack,Productivity,120.03,True,2.0,46,Male,1.64,5.65,2.34,Excellent,High,4.44,2.17,Yes,Yes,1,9.629999999999999
Chrome,Utilities,185.65,False,3.1,56,Male,1.96,7.28,0.68,Fair,Low,5.13,8.9,Yes,Yes,1,9.92
Weather,Utilities,98.38,False,1.6,35,Other,2.88,2.89,0.38,Fair,Low,8.28,9.81,Yes,No,0,6.1499999999999995
Notion,Productivity,82.34,True,1.4,62,Other,1.2,1.67,1.57,Excellent,High,7.29,9.64,Yes,No,0,4.44
YouTube,Entertainment,73.79,False,1.2,19,Male,1.65,7.62,3.6,Excellent,High,7.31,4.49,No,Yes,0,12.87
Facebook,Social,63.95,False,1.1,55,Other,3.28,2.9,0.42,Good,High,6.41,1.33,No,No,0,6.6
Google Maps,Utilities,71.93,False,1.2,50,Male,1.11,6.67,3.68,Good,Low,4.61,8.16,No,Yes,0,11.46
Gmail,Utilities,105.96,False,1.8,57,Other,3.84,1.28,1.78,Good,High,5.39,4.45,Yes,No,0,6.9
Slack,Productivity,79.75,True,1.3,37,Male,1.94,3.76,2.63,Poor,Low,6.65,5.13,No,Yes,0,8.329999999999998
Slack,Productivity,73.02,True,1.2,59,Male,11.09,6.96,4.17,Poor,Medium,7.1,1.29,Yes,No,0,22.22
Twitch,Entertainment,103.87,False,1.7,32,Female,3.43,5.88,4.84,Fair,Low,6.42,9.1,No,Yes,0,14.15
WhatsApp,Social,63.44,False,1.1,39,Female,8.21,3.61,2.14,Good,Medium,7.9,6.11,No,Yes,0,13.96
Gmail,Utilities,86.93,False,1.4,53,Male,10.57,7.28,3.45,Fair,Low,5.65,9.81,No,No,0,21.3
Chrome,Utilities,66.26,False,1.1,39,Female,8.21,3.61,2.14,Good,Medium,7.9,6.11,No,Yes,0,13.96
Google Docs,Productivity,90.26,True,1.5,26,Female,9.35,0.33,2.64,Good,High,4.43,5.36,No,No,0,12.32
Weather,Utilities,83.34,False,1.4,26,Male,9.18,4.99,0.78,Excellent,High,5.39,4.62,Yes,No,0,14.95
Chrome,Utilities,185.65,False,3.1,60,Other,8.23,7.33,0.84,Excellent,Medium,7.63,1.98,No,Yes,1,16.400000000000002
Chrome,Utilities,88.22,False,1.5,38,Male,3.42,7.58,2.96,Fair,Medium,7.15,7.05,Yes,Yes,0,13.96
Google Docs,Productivity,70.22,True,1.2,38,Female,3.06,0.82,2.76,Excellent,Low,4.41,8.6,No,Yes,0,6.64
TikTok,Entertainment,119.72,False,2.0,50,Female,7.6,1.71,4.1,Fair,Low,7.09,3.61,Yes,No,0,13.409999999999998
Netflix,Entertainment,64.7,False,1.1,43,Female,4.87,2.63,1.73,Excellent,Medium,7.01,5.35,No,No,0,9.23
Notion,Productivity,156.0,True,2.6,32,Female,3.12,5.77,2.02,Good,High,7.23,5.58,Yes,Yes,1,10.91
Camera,Utilities,112.81,False,1.9,20,Other,2.95,2.98,3.49,Good,High,5.07,2.79,Yes,Yes,0,9.42
Slack,Productivity,120.03,True,2.0,48,Other,1.12,6.56,4.44,Good,Low,6.62,1.45,No,Yes,1,12.120000000000001
WhatsApp,Social,95.13,False,1.6,35,Other,2.88,2.89,0.38,Fair,Low,8.28,9.81,Yes,No,0,6.1499999999999995
Slack,Productivity,107.99,True,1.8,57,Other,3.84,1.28,1.78,Good,High,5.39,4.45,Yes,No,0,6.9
Netflix,Entertainment,65.05,False,1.1,49,Male,7.08,3.21,3.52,Good,Low,8.87,3.33,No,No,0,13.809999999999999
YouTube,Entertainment,63.64,False,1.1,55,Other,3.28,2.9,0.42,Good,High,6.41,1.33,No,No,0,6.6
Twitch,Entertainment,108.23,False,1.8,33,Other,5.01,2.04,4.23,Poor,High,5.76,0.82,No,Yes,0,11.280000000000001
Chrome,Utilities,115.36,False,1.9,46,Male,8.16,1.06,1.57,Fair,High,4.11,8.77,No,Yes,0,10.790000000000001
Snapchat,Social,84.97,False,1.4,26,Male,9.18,4.99,0.78,Excellent,High,5.39,4.62,Yes,No,0,14.95
Notion,Productivity,156.0,True,2.6,41,Male,10.47,3.11,1.33,Fair,Medium,5.57,2.21,No,Yes,1,14.91
Google Docs,Productivity,87.42,True,1.5,45,Female,8.33,4.66,1.79,Fair,Low,4.6,2.02,No,Yes,0,14.780000000000001
Instagram,Social,71.74,False,1.2,59,Male,11.09,6.96,4.17,Poor,Medium,7.1,1.29,Yes,No,0,22.22
Microsoft Teams,Productivity,70.21,True,1.2,50,Male,1.11,6.67,3.68,Good,Low,4.61,8.16,No,Yes,0,11.46
Facebook,Social,131.26,False,2.2,23,Male,8.61,5.01,3.38,Excellent,High,6.48,6.97,Yes,No,1,17.0
Netflix,Entertainment,141.37,False,2.4,36,Male,6.24,6.76,2.71,Poor,Medium,5.28,1.93,No,Yes,1,15.71
Google Maps,Utilities,79.6,False,1.3,55,Female,1.84,5.98,3.14,Good,High,4.36,4.52,Yes,No,0,10.96
Slack,Productivity,87.32,True,1.5,34,Female,5.55,5.06,1.68,Good,High,8.88,2.37,Yes,No,0,12.29
Microsoft Teams,Productivity,58.55,True,1.0,49,Other,1.74,6.1,4.81,Good,Medium,4.06,2.55,No,Yes,0,12.649999999999999
Camera,Utilities,69.77,False,1.2,47,Female,11.46,4.81,4.68,Fair,Medium,6.43,7.89,No,Yes,0,20.95
TikTok,Entertainment,119.78,False,2.0,22,Female,9.81,4.95,2.31,Good,High,8.31,4.99,Yes,No,0,17.07
Notion,Productivity,97.83,True,1.6,26,Female,7.75,5.6,0.1,Fair,Medium,8.16,6.43,No,No,0,13.45
Notion,Productivity,215.94,True,3.6,25,Other,6.35,2.21,0.21,Good,Low,6.36,0.21,No,Yes,1,8.77
WhatsApp,Social,95.03,False,1.6,26,Female,7.75,5.6,0.1,Fair,Medium,8.16,6.43,No,No,0,13.45
TikTok,Entertainment,119.72,False,2.0,54,Other,1.94,1.61,1.88,Excellent,Low,5.92,4.47,Yes,Yes,0,5.43
Twitter,Social,74.08,False,1.2,59,Female,9.07,4.05,1.86,Excellent,Low,6.16,8.9,No,Yes,0,14.98
Weather,Utilities,61.15,False,1.0,49,Other,1.74,6.1,4.81,Good,Medium,4.06,2.55,No,Yes,0,12.649999999999999
Instagram,Social,83.02,False,1.4,65,Other,7.58,7.92,1.62,Fair,Low,5.2,7.24,No,No,0,17.12
Microsoft Teams,Productivity,69.48,True,1.2,59,Female,9.07,4.05,1.86,Excellent,Low,6.16,8.9,No,Yes,0,14.98
Chrome,Utilities,166.24,False,2.8,26,Male,10.65,7.76,0.35,Fair,High,6.56,6.27,Yes,No,1,18.76
YouTube,Entertainment,71.7,False,1.2,59,Female,9.07,4.05,1.86,Excellent,Low,6.16,8.9,No,Yes,0,14.98
Slack,Productivity,115.19,True,1.9,25,Other,4.5,2.76,1.43,Fair,Low,4.5,5.83,Yes,Yes,0,8.69
Microsoft Teams,Productivity,70.21,True,1.2,31,Male,9.46,7.86,3.69,Poor,High,5.85,2.87,No,No,0,21.01
Netflix,Entertainment,141.37,False,2.4,21,Male,1.7,1.72,2.59,Fair,Medium,6.51,1.84,No,Yes,1,6.01
TikTok,Entertainment,61.58,False,1.0,22,Male,8.31,0.93,1.51,Fair,Low,4.66,4.93,No,No,0,10.75
Weather,Utilities,83.34,False,1.4,31,Female,6.95,1.0,3.28,Fair,Low,6.85,4.66,Yes,No,0,11.23
Spotify,Entertainment,73.22,False,1.2,29,Other,6.22,1.81,3.1,Excellent,Low,4.59,1.38,No,Yes,0,11.129999999999999
Facebook,Social,124.84,False,2.1,20,Male,3.95,7.84,1.57,Poor,Medium,6.44,3.03,No,Yes,1,13.36
Chrome,Utilities,76.56,False,1.3,55,Female,1.84,5.98,3.14,Good,High,4.36,4.52,Yes,No,0,10.96
Google Maps,Utilities,75.61,False,1.3,55,Female,1.84,5.98,3.14,Good,High,4.36,4.52,Yes,No,0,10.96
Snapchat,Social,142.66,False,2.4,39,Male,1.28,4.94,2.87,Fair,Medium,8.15,6.09,No,No,1,9.09
Twitter,Social,141.65,False,2.4,26,Other,8.81,4.5,2.64,Poor,Medium,6.94,7.5,No,Yes,1,15.950000000000001
YouTube,Entertainment,107.74,False,1.8,32,Other,1.8,2.42,3.03,Fair,Low,5.12,9.17,Yes,No,0,7.25
WhatsApp,Social,72.59,False,1.2,47,Female,11.46,4.81,4.68,Fair,Medium,6.43,7.89,No,Yes,0,20.95
Notion,Productivity,182.79,True,3.0,21,Other,10.01,2.28,3.41,Poor,Low,6.75,3.38,No,Yes,1,15.7
Twitch,Entertainment,71.49,False,1.2,59,Female,9.07,4.05,1.86,Excellent,Low,6.16,8.9,No,Yes,0,14.98
Notion,Productivity,64.99,True,1.1,55,Other,3.28,2.9,0.42,Good,High,6.41,1.33,No,No,0,6.6
Netflix,Entertainment,141.37,False,2.4,32,Male,2.37,0.53,4.41,Poor,Medium,4.2,2.76,No,No,1,7.3100000000000005
Notion,Productivity,94.33,True,1.6,52,Other,4.21,2.36,1.65,Good,Medium,4.07,2.99,Yes,Yes,0,8.22
Twitter,Social,81.39,False,1.4,26,Male,9.18,4.99,0.78,Excellent,High,5.39,4.62,Yes,No,0,14.95
Twitch,Entertainment,71.17,False,1.2,59,Male,11.09,6.96,4.17,Poor,Medium,7.1,1.29,Yes,No,0,22.22
Microsoft Teams,Productivity,122.04,True,2.0,54,Other,1.94,1.61,1.88,Excellent,Low,5.92,4.47,Yes,Yes,1,5.43
Chrome,Utilities,66.26,False,1.1,55,Other,3.28,2.9,0.42,Good,High,6.41,1.33,No,No,0,6.6
Instagram,Social,209.48,False,3.5,60,Other,5.04,0.55,0.69,Poor,High,4.09,3.41,Yes,Yes,1,6.279999999999999
Google Maps,Utilities,73.82,False,1.2,29,Other,2.08,4.68,4.14,Poor,Medium,4.36,2.23,Yes,No,0,10.899999999999999
YouTube,Entertainment,86.04,False,1.4,62,Other,1.2,1.67,1.57,Excellent,High,7.29,9.64,Yes,No,0,4.44
Facebook,Social,74.63,False,1.2,47,Female,11.46,4.81,4.68,Fair,Medium,6.43,7.89,No,Yes,0,20.95
Google Maps,Utilities,63.36,False,1.1,55,Other,3.28,2.9,0.42,Good,High,6.41,1.33,No,No,0,6.6
Notion,Productivity,156.0,True,2.6,39,Female,3.64,1.19,3.16,Fair,High,4.06,4.22,Yes,No,1,7.99
Google Maps,Utilities,86.47,False,1.4,31,Female,6.95,1.0,3.28,Fair,Low,6.85,4.66,Yes,No,0,11.23
Twitch,Entertainment,71.18,False,1.2,19,Male,1.65,7.62,3.6,Excellent,High,7.31,4.49,No,Yes,0,12.87
Gmail,Utilities,79.44,False,1.3,55,Female,1.84,5.98,3.14,Good,High,4.36,4.52,Yes,No,0,10.96
YouTube,Entertainment,73.77,False,1.2,38,Female,3.06,0.82,2.76,Excellent,Low,4.41,8.6,No,Yes,0,6.64
Evernote,Productivity,104.27,True,1.7,32,Female,3.43,5.88,4.84,Fair,Low,6.42,9.1,No,Yes,0,14.15
Twitch,Entertainment,71.35,False,1.2,59,Male,11.09,6.96,4.17,Poor,Medium,7.1,1.29,Yes,No,0,22.22
Microsoft Teams,Productivity,88.12,True,1.5,48,Female,2.88,5.71,2.52,Fair,Medium,8.36,2.74,No,No,0,11.11
Twitter,Social,85.92,False,1.4,65,Other,7.58,7.92,1.62,Fair,Low,5.2,7.24,No,No,0,17.12
Slack,Productivity,107.99,True,1.8,41,Male,1.68,6.02,0.39,Fair,High,5.08,6.39,Yes,No,0,8.09
Chrome,Utilities,65.18,False,1.1,43,Female,4.87,2.63,1.73,Excellent,Medium,7.01,5.35,No,No,0,9.23
YouTube,Entertainment,73.79,False,1.2,28,Male,1.83,3.37,1.42,Poor,Medium,5.87,7.54,No,Yes,0,6.62
Weather,Utilities,113.89,False,1.9,40,Female,11.8,4.62,2.01,Excellent,Medium,5.49,1.63,No,No,0,18.43
Google Maps,Utilities,75.98,False,1.3,19,Other,4.55,1.6,0.77,Good,High,6.82,5.39,Yes,No,0,6.92
WhatsApp,Social,114.58,False,1.9,27,Other,4.77,7.2,3.25,Fair,Medium,6.57,5.77,No,No,0,15.219999999999999
Weather,Utilities,78.02,False,1.3,55,Female,1.84,5.98,3.14,Good,High,4.36,4.52,Yes,No,0,10.96
Snapchat,Social,81.9,False,1.4,32,Other,8.28,2.09,4.14,Fair,High,5.61,5.08,No,Yes,0,14.509999999999998
Evernote,Productivity,71.26,True,1.2,47,Female,11.46,4.81,4.68,Fair,Medium,6.43,7.89,No,Yes,0,20.95
TikTok,Entertainment,61.2,False,1.0,47,Male,2.41,4.09,4.39,Poor,Medium,6.21,0.33,Yes,No,0,10.89
Netflix,Entertainment,73.84,False,1.2,31,Male,9.46,7.86,3.69,Poor,High,5.85,2.87,No,No,0,21.01
Snapchat,Social,60.32,False,1.0,22,Male,8.31,0.93,1.51,Fair,Low,4.66,4.93,No,No,0,10.75
Notion,Productivity,156.0,True,2.6,52,Male,8.63,5.11,3.02,Fair,High,4.04,1.56,No,No,1,16.76
Twitch,Entertainment,93.6,False,1.6,52,Other,4.21,2.36,1.65,Good,Medium,4.07,2.99,Yes,Yes,0,8.22
Twitter,Social,139.43,False,2.3,57,Other,10.16,1.04,3.98,Excellent,High,8.9,0.1,No,Yes,1,15.18
YouTube,Entertainment,175.32,False,2.9,59,Male,6.04,5.16,3.82,Poor,Low,6.66,4.41,No,Yes,1,15.02
Twitter,Social,139.43,False,2.3,58,Other,11.83,6.58,3.41,Poor,Medium,6.37,7.74,No,Yes,1,21.82
Snapchat,Social,84.97,False,1.4,53,Male,10.57,7.28,3.45,Fair,Low,5.65,9.81,No,No,0,21.3
Facebook,Social,64.16,False,1.1,49,Male,7.08,3.21,3.52,Good,Low,8.87,3.33,No,No,0,13.809999999999999
Evernote,Productivity,59.19,True,1.0,49,Other,1.74,6.1,4.81,Good,Medium,4.06,2.55,No,Yes,0,12.649999999999999
Microsoft Teams,Productivity,107.65,True,1.8,41,Male,1.93,1.6,1.54,Fair,Low,5.59,1.91,Yes,Yes,0,5.07
Google Docs,Productivity,70.22,True,1.2,47,Female,11.46,4.81,4.68,Fair,Medium,6.43,7.89,No,Yes,0,20.95
Google Maps,Utilities,75.61,False,1.3,22,Other,1.55,2.07,4.21,Poor,High,7.06,6.25,Yes,No,0,7.83
Netflix,Entertainment,176.98,False,2.9,59,Male,6.04,5.16,3.82,Poor,Low,6.66,4.41,No,Yes,1,15.02
Google Maps,Utilities,85.0,False,1.4,65,Other,7.58,7.92,1.62,Fair,Low,5.2,7.24,No,No,0,17.12
Microsoft Teams,Productivity,70.86,True,1.2,19,Male,1.65,7.62,3.6,Excellent,High,7.31,4.49,No,Yes,0,12.87
Google Docs,Productivity,105.9,True,1.8,23,Female,7.46,0.31,1.19,Fair,High,8.29,1.89,No,Yes,0,8.959999999999999
Spotify,Entertainment,71.58,False,1.2,29,Other,2.08,4.68,4.14,Poor,Medium,4.36,2.23,Yes,No,0,10.899999999999999
Spotify,Entertainment,67.17,False,1.1,51,Male,5.97,4.16,4.99,Poor,Low,5.43,2.61,No,No,0,15.12
Chrome,Utilities,185.65,False,3.1,61,Male,8.93,6.77,4.51,Excellent,Low,7.59,1.8,No,No,1,20.21
Microsoft Teams,Productivity,88.12,True,1.5,26,Female,9.35,0.33,2.64,Good,High,4.43,5.36,No,No,0,12.32
Snapchat,Social,59.13,False,1.0,47,Male,2.41,4.09,4.39,Poor,Medium,6.21,0.33,Yes,No,0,10.89
Instagram,Social,74.35,False,1.2,38,Female,3.06,0.82,2.76,Excellent,Low,4.41,8.6,No,Yes,0,6.64
Slack,Productivity,63.85,True,1.1,55,Other,3.28,2.9,0.42,Good,High,6.41,1.33,No,No,0,6.6
Instagram,Social,68.73,False,1.1,39,Female,8.21,3.61,2.14,Good,Medium,7.9,6.11,No,Yes,0,13.96
WhatsApp,Social,64.9,False,1.1,49,Male,7.08,3.21,3.52,Good,Low,8.87,3.33,No,No,0,13.809999999999999
Instagram,Social,134.14,False,2.2,38,Female,10.62,3.92,0.55,Poor,Medium,6.42,9.8,No,Yes,1,15.09
Spotify,Entertainment,107.48,False,1.8,41,Male,1.93,1.6,1.54,Fair,Low,5.59,1.91,Yes,Yes,0,5.07
Microsoft Teams,Productivity,59.59,True,1.0,47,Male,2.41,4.09,4.39,Poor,Medium,6.21,0.33,Yes,No,0,10.89
Twitch,Entertainment,93.6,False,1.6,26,Female,7.75,5.6,0.1,Fair,Medium,8.16,6.43,No,No,0,13.45
Spotify,Entertainment,105.05,False,1.8,33,Other,5.01,2.04,4.23,Poor,High,5.76,0.82,No,Yes,0,11.280000000000001
Notion,Productivity,76.11,True,1.3,37,Male,1.94,3.76,2.63,Poor,Low,6.65,5.13,No,Yes,0,8.329999999999998
Snapchat,Social,84.67,False,1.4,31,Female,6.95,1.0,3.28,Fair,Low,6.85,4.66,Yes,No,0,11.23
Evernote,Productivity,86.53,True,1.4,53,Male,10.57,7.28,3.45,Fair,Low,5.65,9.81,No,No,0,21.3
Google Maps,Utilities,62.96,False,1.0,22,Male,8.31,0.93,1.51,Fair,Low,4.66,4.93,No,No,0,10.75
WhatsApp,Social,90.06,False,1.5,48,Female,2.88,5.71,2.52,Fair,Medium,8.36,2.74,No,No,0,11.11
Google Maps,Utilities,71.93,False,1.2,38,Female,3.06,0.82,2.76,Excellent,Low,4.41,8.6,No,Yes,0,6.64
Twitch,Entertainment,73.4,False,1.2,29,Other,2.08,4.68,4.14,Poor,Medium,4.36,2.23,Yes,No,0,10.899999999999999
Facebook,Social,78.08,False,1.3,37,Male,1.94,3.76,2.63,Poor,Low,6.65,5.13,No,Yes,0,8.329999999999998
Chrome,Utilities,98.87,False,1.6,26,Other,10.79,4.65,0.78,Fair,Medium,6.9,6.89,Yes,Yes,0,16.22
Twitter,Social,74.26,False,1.2,50,Male,1.11,6.67,3.68,Good,Low,4.61,8.16,No,Yes,0,11.46
Gmail,Utilities,75.79,False,1.3,19,Other,4.55,1.6,0.77,Good,High,6.82,5.39,Yes,No,0,6.92
Facebook,Social,59.22,False,1.0,22,Male,8.31,0.93,1.51,Fair,Low,4.66,4.93,No,No,0,10.75
WhatsApp,Social,149.72,False,2.5,44,Male,1.95,5.59,3.46,Good,Medium,6.03,6.14,No,No,1,11.0
Gmail,Utilities,105.96,False,1.8,41,Male,1.93,1.6,1.54,Fair,Low,5.59,1.91,Yes,Yes,0,5.07
Snapchat,Social,142.66,False,2.4,41,Male,7.92,1.98,3.25,Good,Medium,6.02,8.34,Yes,Yes,1,13.15
Twitter,Social,74.08,False,1.2,50,Male,1.11,6.67,3.68,Good,Low,4.61,8.16,No,Yes,0,11.46
Microsoft Teams,Productivity,107.65,True,1.8,23,Female,7.46,0.31,1.19,Fair,High,8.29,1.89,No,Yes,0,8.959999999999999
Netflix,Entertainment,73.5,False,1.2,50,Male,1.11,6.67,3.68,Good,Low,4.61,8.16,No,Yes,0,11.46
Slack,Productivity,87.32,True,1.5,49,Other,2.93,0.48,4.54,Poor,High,8.31,6.98,Yes,No,0,7.95
Gmail,Utilities,105.96,False,1.8,63,Female,2.47,3.28,2.87,Good,High,4.08,0.84,Yes,Yes,0,8.620000000000001
Netflix,Entertainment,141.37,False,2.4,39,Male,1.28,4.94,2.87,Fair,Medium,8.15,6.09,No,No,1,9.09
Spotify,Entertainment,120.05,False,2.0,46,Male,1.64,5.65,2.34,Excellent,High,4.44,2.17,Yes,Yes,1,9.629999999999999
Netflix,Entertainment,73.84,False,1.2,19,Male,1.65,7.62,3.6,Excellent,High,7.31,4.49,No,Yes,0,12.87
Notion,Productivity,182.79,True,3.0,48,Other,5.34,7.57,4.02,Excellent,Medium,6.14,6.27,Yes,No,1,16.93
Twitter,Social,65.92,False,1.1,39,Female,8.21,3.61,2.14,Good,Medium,7.9,6.11,No,Yes,0,13.96
Spotify,Entertainment,73.59,False,1.2,47,Female,11.46,4.81,4.68,Fair,Medium,6.43,7.89,No,Yes,0,20.95
YouTube,Entertainment,76.02,False,1.3,19,Other,4.55,1.6,0.77,Good,High,6.82,5.39,Yes,No,0,6.92
Netflix,Entertainment,176.98,False,2.9,62,Other,3.34,4.07,4.16,Fair,Medium,5.31,5.65,No,No,1,11.57
Netflix,Entertainment,95.47,False,1.6,52,Other,4.21,2.36,1.65,Good,Medium,4.07,2.99,Yes,Yes,0,8.22
TikTok,Entertainment,119.78,False,2.0,36,Other,9.34,5.41,1.32,Good,High,7.28,6.72,Yes,No,0,16.07
Twitter,Social,70.58,False,1.2,59,Female,9.07,4.05,1.86,Excellent,Low,6.16,8.9,No,Yes,0,14.98
YouTube,Entertainment,86.04,False,1.4,26,Male,9.18,4.99,0.78,Excellent,High,5.39,4.62,Yes,No,0,14.95
Google Docs,Productivity,105.9,True,1.8,41,Male,1.93,1.6,1.54,Fair,Low,5.59,1.91,Yes,Yes,0,5.07
Weather,Utilities,65.35,False,1.1,51,Male,5.97,4.16,4.99,Poor,Low,5.43,2.61,No,No,0,15.12
Twitter,Social,81.39,False,1.4,53,Male,10.57,7.28,3.45,Fair,Low,5.65,9.81,No,No,0,21.3
Gmail,Utilities,72.25,False,1.2,28,Male,1.83,3.37,1.42,Poor,Medium,5.87,7.54,No,Yes,0,6.62
Gmail,Utilities,70.76,False,1.2,47,Female,11.46,4.81,4.68,Fair,Medium,6.43,7.89,No,Yes,0,20.95
Snapchat,Social,110.47,False,1.8,57,Other,3.84,1.28,1.78,Good,High,5.39,4.45,Yes,No,0,6.9
Weather,Utilities,107.5,False,1.8,19,Other,8.45,4.7,4.0,Excellent,High,5.49,5.51,No,Yes,0,17.15
Spotify,Entertainment,87.22,False,1.5,34,Female,5.55,5.06,1.68,Good,High,8.88,2.37,Yes,No,0,12.29
Slack,Productivity,209.63,True,3.5,40,Male,3.33,3.15,2.75,Good,High,4.38,3.95,No,Yes,1,9.23
Instagram,Social,173.86,False,2.9,59,Male,6.04,5.16,3.82,Poor,Low,6.66,4.41,No,Yes,1,15.02
Twitch,Entertainment,71.18,False,1.2,50,Male,1.11,6.67,3.68,Good,Low,4.61,8.16,No,Yes,0,11.46
Gmail,Utilities,105.96,False,1.8,41,Male,1.68,6.02,0.39,Fair,High,5.08,6.39,Yes,No,0,8.09
Snapchat,Social,93.72,False,1.6,52,Other,4.21,2.36,1.65,Good,Medium,4.07,2.99,Yes,Yes,0,8.22
Spotify,Entertainment,97.21,False,1.6,52,Other,4.21,2.36,1.65,Good,Medium,4.07,2.99,Yes,Yes,0,8.22
Twitter,Social,81.39,False,1.4,31,Female,6.95,1.0,3.28,Fair,Low,6.85,4.66,Yes,No,0,11.23
Facebook,Social,70.61,False,1.2,59,Male,11.09,6.96,4.17,Poor,Medium,7.1,1.29,Yes,No,0,22.22
TikTok,Entertainment,79.49,False,1.3,22,Other,1.55,2.07,4.21,Poor,High,7.06,6.25,Yes,No,0,7.83
Weather,Utilities,78.64,False,1.3,19,Other,4.55,1.6,0.77,Good,High,6.82,5.39,Yes,No,0,6.92
Snapchat,Social,97.22,False,1.6,26,Female,7.75,5.6,0.1,Fair,Medium,8.16,6.43,No,No,0,13.45
Weather,Utilities,62.69,False,1.0,49,Other,1.74,6.1,4.81,Good,Medium,4.06,2.55,No,Yes,0,12.649999999999999
Microsoft Teams,Productivity,116.23,True,1.9,56,Male,7.8,4.55,2.57,Good,High,5.09,5.85,Yes,No,0,14.92
Camera,Utilities,127.04,False,2.1,19,Male,7.85,4.69,3.71,Good,Medium,5.55,4.55,Yes,No,1,16.25
Google Maps,Utilities,71.93,False,1.2,29,Other,2.08,4.68,4.14,Poor,Medium,4.36,2.23,Yes,No,0,10.899999999999999
Notion,Productivity,69.13,True,1.2,29,Other,2.08,4.68,4.14,Poor,Medium,4.36,2.23,Yes,No,0,10.899999999999999
Evernote,Productivity,117.82,True,2.0,40,Other,6.71,7.53,1.65,Excellent,Medium,7.31,3.2,Yes,Yes,0,15.89
Google Maps,Utilities,81.26,False,1.4,32,Other,8.28,2.09,4.14,Fair,High,5.61,5.08,No,Yes,0,14.509999999999998
WhatsApp,Social,66.35,False,1.1,51,Male,5.97,4.16,4.99,Poor,Low,5.43,2.61,No,No,0,15.12
WhatsApp,Social,114.58,False,1.9,29,Female,3.92,7.49,2.36,Excellent,High,7.25,7.0,No,Yes,0,13.77
YouTube,Entertainment,138.13,False,2.3,24,Male,9.2,4.53,2.78,Good,Medium,7.66,1.43,No,Yes,1,16.51
Google Docs,Productivity,95.2,True,1.6,35,Other,2.88,2.89,0.38,Fair,Low,8.28,9.81,Yes,No,0,6.1499999999999995
Snapchat,Social,142.66,False,2.4,26,Other,8.81,4.5,2.64,Poor,Medium,6.94,7.5,No,Yes,1,15.950000000000001
Instagram,Social,76.82,False,1.3,19,Other,4.55,1.6,0.77,Good,High,6.82,5.39,Yes,No,0,6.92
Slack,Productivity,120.03,True,2.0,34,Female,10.47,0.94,3.84,Good,Low,7.35,5.57,No,No,1,15.25
Camera,Utilities,57.35,False,1.0,49,Other,1.74,6.1,4.81,Good,Medium,4.06,2.55,No,Yes,0,12.649999999999999
Google Maps,Utilities,73.82,False,1.2,50,Male,1.11,6.67,3.68,Good,Low,4.61,8.16,No,Yes,0,11.46
TikTok,Entertainment,82.22,False,1.4,32,Other,8.28,2.09,4.14,Fair,High,5.61,5.08,No,Yes,0,14.509999999999998
Evernote,Productivity,71.26,True,1.2,29,Other,2.08,4.68,4.14,Poor,Medium,4.36,2.23,Yes,No,0,10.899999999999999
Twitch,Entertainment,72.76,False,1.2,38,Female,3.06,0.82,2.76,Excellent,Low,4.41,8.6,No,Yes,0,6.64
Weather,Utilities,93.67,False,1.6,48,Male,4.96,2.69,1.34,Fair,High,8.46,0.55,Yes,Yes,0,8.99
WhatsApp,Social,60.1,False,1.0,22,Male,8.31,0.93,1.51,Fair,Low,4.66,4.93,No,No,0,10.75
Microsoft Teams,Productivity,70.21,True,1.2,19,Male,1.65,7.62,3.6,Excellent,High,7.31,4.49,No,Yes,0,12.87
Snapchat,Social,91.04,False,1.5,48,Female,2.88,5.71,2.52,Fair,Medium,8.36,2.74,No,No,0,11.11
Facebook,Social,131.26,False,2.2,38,Female,10.62,3.92,0.55,Poor,Medium,6.42,9.8,No,Yes,1,15.09
Snapchat,Social,78.62,False,1.3,19,Other,4.55,1.6,0.77,Good,High,6.82,5.39,Yes,No,0,6.92
Microsoft Teams,Productivity,58.11,True,1.0,47,Male,2.41,4.09,4.39,Poor,Medium,6.21,0.33,Yes,No,0,10.89
Google Docs,Productivity,105.9,True,1.8,57,Other,3.84,1.28,1.78,Good,High,5.39,4.45,Yes,No,0,6.9
Twitch,Entertainment,127.93,False,2.1,25,Other,1.17,5.97,2.69,Excellent,Low,4.75,7.49,Yes,No,1,9.83
Netflix,Entertainment,140.76,False,2.3,57,Other,10.16,1.04,3.98,Excellent,High,8.9,0.1,No,Yes,1,15.18
Gmail,Utilities,59.43,False,1.0,22,Male,8.31,0.93,1.51,Fair,Low,4.66,4.93,No,No,0,10.75
YouTube,Entertainment,71.42,False,1.2,59,Male,11.09,6.96,4.17,Poor,Medium,7.1,1.29,Yes,No,0,22.22
Snapchat,Social,91.04,False,1.5,25,Male,4.86,1.7,0.76,Fair,Medium,6.72,5.26,No,Yes,0,7.32
Instagram,Social,134.14,False,2.2,23,Male,8.61,5.01,3.38,Excellent,High,6.48,6.97,Yes,No,1,17.0
Camera,Utilities,69.77,False,1.2,50,Male,1.11,6.67,3.68,Good,Low,4.61,8.16,No,Yes,0,11.46
Notion,Productivity,76.11,True,1.3,22,Other,1.55,2.07,4.21,Poor,High,7.06,6.25,Yes,No,0,7.83
WhatsApp,Social,165.37,False,2.8,20,Male,1.49,3.23,1.61,Poor,High,8.79,1.5,No,No,1,6.33
Spotify,Entertainment,73.26,False,1.2,29,Other,2.08,4.68,4.14,Poor,Medium,4.36,2.23,Yes,No,0,10.899999999999999
Twitch,Entertainment,127.93,False,2.1,26,Other,9.08,3.38,3.72,Fair,High,4.7,8.1,Yes,No,1,16.18
WhatsApp,Social,149.72,False,2.5,37,Other,3.97,3.19,4.85,Fair,Low,8.98,5.34,Yes,Yes,1,12.01
YouTube,Entertainment,140.01,False,2.3,32,Other,9.63,3.18,2.4,Fair,Low,4.61,3.95,No,No,1,15.21
Gmail,Utilities,105.96,False,1.8,32,Other,1.8,2.42,3.03,Fair,Low,5.12,9.17,Yes,No,0,7.25
Microsoft Teams,Productivity,115.65,True,1.9,29,Female,3.92,7.49,2.36,Excellent,High,7.25,7.0,No,Yes,0,13.77
YouTube,Entertainment,86.42,False,1.4,32,Other,8.28,2.09,4.14,Fair,High,5.61,5.08,No,Yes,0,14.509999999999998
YouTube,Entertainment,67.04,False,1.1,55,Other,3.28,2.9,0.42,Good,High,6.41,1.33,No,No,0,6.6
Twitter,Social,102.75,False,1.7,32,Female,3.43,5.88,4.84,Fair,Low,6.42,9.1,No,Yes,0,14.15
Spotify,Entertainment,87.66,False,1.5,38,Male,3.42,7.58,2.96,Fair,Medium,7.15,7.05,Yes,Yes,0,13.96
Microsoft Teams,Productivity,70.86,True,1.2,50,Male,1.11,6.67,3.68,Good,Low,4.61,8.16,No,Yes,0,11.46
Twitter,Social,74.08,False,1.2,29,Other,6.22,1.81,3.1,Excellent,Low,4.59,1.38,No,Yes,0,11.129999999999999
TikTok,Entertainment,98.93,False,1.6,48,Male,4.96,2.69,1.34,Fair,High,8.46,0.55,Yes,Yes,0,8.99
Twitch,Entertainment,101.72,False,1.7,32,Female,3.43,5.88,4.84,Fair,Low,6.42,9.1,No,Yes,0,14.15
Twitch,Entertainment,94.94,False,1.6,35,Other,2.88,2.89,0.38,Fair,Low,8.28,9.81,Yes,No,0,6.1499999999999995
Facebook,Social,74.63,False,1.2,38,Female,3.06,0.82,2.76,Excellent,Low,4.41,8.6,No,Yes,0,6.64
Snapchat,Social,80.98,False,1.3,37,Male,1.94,3.76,2.63,Poor,Low,6.65,5.13,No,Yes,0,8.329999999999998
Google Docs,Productivity,87.42,True,1.5,63,Other,6.64,4.76,4.38,Excellent,Medium,8.75,0.12,Yes,No,0,15.779999999999998
Google Maps,Utilities,83.22,False,1.4,53,Male,10.57,7.28,3.45,Fair,Low,5.65,9.81,No,No,0,21.3
Microsoft Teams,Productivity,116.23,True,1.9,42,Male,3.18,5.37,2.17,Good,Medium,5.87,2.96,No,Yes,0,10.72
WhatsApp,Social,66.35,False,1.1,49,Male,7.08,3.21,3.52,Good,Low,8.87,3.33,No,No,0,13.809999999999999
Evernote,Productivity,71.26,True,1.2,31,Male,9.46,7.86,3.69,Poor,High,5.85,2.87,No,No,0,21.01
Twitter,Social,70.58,False,1.2,50,Male,1.11,6.67,3.68,Good,Low,4.61,8.16,No,Yes,0,11.46
Snapchat,Social,91.22,False,1.5,48,Female,2.88,5.71,2.52,Fair,Medium,8.36,2.74,No,No,0,11.11
Twitter,Social,67.76,False,1.1,43,Female,4.87,2.63,1.73,Excellent,Medium,7.01,5.35,No,No,0,9.23
TikTok,Entertainment,63.45,False,1.1,49,Male,7.08,3.21,3.52,Good,Low,8.87,3.33,No,No,0,13.809999999999999
Chrome,Utilities,58.31,False,1.0,49,Other,1.74,6.1,4.81,Good,Medium,4.06,2.55,No,Yes,0,12.649999999999999
Microsoft Teams,Productivity,95.2,True,1.6,26,Other,10.79,4.65,0.78,Fair,Medium,6.9,6.89,Yes,Yes,0,16.22
Instagram,Social,71.74,False,1.2,28,Male,1.83,3.37,1.42,Poor,Medium,5.87,7.54,No,Yes,0,6.62
Twitch,Entertainment,66.58,False,1.1,39,Female,8.21,3.61,2.14,Good,Medium,7.9,6.11,No,Yes,0,13.96
Facebook,Social,124.84,False,2.1,25,Other,1.17,5.97,2.69,Excellent,Low,4.75,7.49,Yes,No,1,9.83
Gmail,Utilities,79.44,False,1.3,37,Male,1.94,3.76,2.63,Poor,Low,6.65,5.13,No,Yes,0,8.329999999999998
Camera,Utilities,93.37,False,1.6,48,Male,4.96,2.69,1.34,Fair,High,8.46,0.55,Yes,Yes,0,8.99
Weather,Utilities,117.78,False,2.0,34,Female,10.47,0.94,3.84,Good,Low,7.35,5.57,No,No,0,15.25
YouTube,Entertainment,87.02,False,1.5,38,Male,3.42,7.58,2.96,Fair,Medium,7.15,7.05,Yes,Yes,0,13.96
Microsoft Teams,Productivity,67.2,True,1.1,39,Female,8.21,3.61,2.14,Good,Medium,7.9,6.11,No,Yes,0,13.96
WhatsApp,Social,136.67,False,2.3,24,Male,9.2,4.53,2.78,Good,Medium,7.66,1.43,No,Yes,1,16.51
Google Maps,Utilities,73.82,False,1.2,31,Male,9.46,7.86,3.69,Poor,High,5.85,2.87,No,No,0,21.01
Notion,Productivity,82.34,True,1.4,26,Male,9.18,4.99,0.78,Excellent,High,5.39,4.62,Yes,No,0,14.95
YouTube,Entertainment,68.7,False,1.1,39,Female,8.21,3.61,2.14,Good,Medium,7.9,6.11,No,Yes,0,13.96
Evernote,Productivity,81.96,True,1.4,26,Male,9.18,4.99,0.78,Excellent,High,5.39,4.62,Yes,No,0,14.95
Notion,Productivity,212.87,True,3.5,39,Male,6.36,1.29,0.61,Poor,High,8.17,5.31,Yes,No,1,8.26
Evernote,Productivity,61.86,True,1.0,22,Male,8.31,0.93,1.51,Fair,Low,4.66,4.93,No,No,0,10.75
Snapchat,Social,57.56,False,1.0,22,Male,8.31,0.93,1.51,Fair,Low,4.66,4.93,No,No,0,10.75
Evernote,Productivity,89.75,True,1.5,26,Female,9.35,0.33,2.64,Good,High,4.43,5.36,No,No,0,12.32
Evernote,Productivity,72.31,True,1.2,19,Male,1.65,7.62,3.6,Excellent,High,7.31,4.49,No,Yes,0,12.87
Slack,Productivity,81.21,True,1.4,65,Other,7.58,7.92,1.62,Fair,Low,5.2,7.24,No,No,0,17.12
Evernote,Productivity,67.1,True,1.1,49,Male,7.08,3.21,3.52,Good,Low,8.87,3.33,No,No,0,13.809999999999999
Google Maps,Utilities,66.52,False,1.1,55,Other,3.28,2.9,0.42,Good,High,6.41,1.33,No,No,0,6.6
Facebook,Social,124.84,False,2.1,24,Other,8.01,2.53,4.05,Poor,High,5.24,7.38,No,Yes,1,14.59
WhatsApp,Social,68.82,False,1.1,55,Other,3.28,2.9,0.42,Good,High,6.41,1.33,No,No,0,6.6
Google Docs,Productivity,76.96,True,1.3,22,Other,1.55,2.07,4.21,Poor,High,7.06,6.25,Yes,No,0,7.83
Spotify,Entertainment,118.76,False,2.0,34,Female,10.47,0.94,3.84,Good,Low,7.35,5.57,No,No,0,15.25
WhatsApp,Social,64.9,False,1.1,51,Male,5.97,4.16,4.99,Poor,Low,5.43,2.61,No,No,0,15.12
Weather,Utilities,126.65,False,2.1,63,Male,2.15,0.8,4.2,Excellent,Low,8.24,2.34,Yes,No,1,7.15
Twitch,Entertainment,64.76,False,1.1,55,Other,3.28,2.9,0.42,Good,High,6.41,1.33,No,No,0,6.6
YouTube,Entertainment,80.49,False,1.3,55,Female,1.84,5.98,3.14,Good,High,4.36,4.52,Yes,No,0,10.96
WhatsApp,Social,92.36,False,1.5,48,Female,2.88,5.71,2.52,Fair,Medium,8.36,2.74,No,No,0,11.11
Google Maps,Utilities,126.7,False,2.1,25,Other,1.17,5.97,2.69,Excellent,Low,4.75,7.49,Yes,No,1,9.83
Twitter,Social,94.19,False,1.6,48,Male,4.96,2.69,1.34,Fair,High,8.46,0.55,Yes,Yes,0,8.99
Google Maps,Utilities,71.93,False,1.2,28,Male,1.83,3.37,1.42,Poor,Medium,5.87,7.54,No,Yes,0,6.62
Google Docs,Productivity,117.68,True,2.0,40,Other,6.71,7.53,1.65,Excellent,Medium,7.31,3.2,Yes,Yes,0,15.89
YouTube,Entertainment,71.7,False,1.2,31,Male,9.46,7.86,3.69,Poor,High,5.85,2.87,No,No,0,21.01
Chrome,Utilities,114.29,False,1.9,27,Other,4.77,7.2,3.25,Fair,Medium,6.57,5.77,No,No,0,15.219999999999999
WhatsApp,Social,91.61,False,1.5,26,Female,9.35,0.33,2.64,Good,High,4.43,5.36,No,No,0,12.32
Spotify,Entertainment,87.66,False,1.5,63,Other,6.64,4.76,4.38,Excellent,Medium,8.75,0.12,Yes,No,0,15.779999999999998
Microsoft Teams,Productivity,115.65,True,1.9,20,Other,2.95,2.98,3.49,Good,High,5.07,2.79,Yes,Yes,0,9.42
Slack,Productivity,209.63,True,3.5,41,Male,7.59,5.1,0.44,Poor,Medium,5.29,4.5,No,Yes,1,13.129999999999999
Gmail,Utilities,105.96,False,1.8,33,Other,5.01,2.04,4.23,Poor,High,5.76,0.82,No,Yes,0,11.280000000000001
Camera,Utilities,62.32,False,1.0,22,Male,8.31,0.93,1.51,Fair,Low,4.66,4.93,No,No,0,10.75
Google Docs,Productivity,59.53,True,1.0,22,Male,8.31,0.93,1.51,Fair,Low,4.66,4.93,No,No,0,10.75
Twitch,Entertainment,166.04,False,2.8,36,Male,9.96,7.38,0.78,Excellent,Low,5.98,3.61,No,No,1,18.12
Microsoft Teams,Productivity,67.2,True,1.1,43,Female,4.87,2.63,1.73,Excellent,Medium,7.01,5.35,No,No,0,9.23
Camera,Utilities,91.26,False,1.5,48,Female,2.88,5.71,2.52,Fair,Medium,8.36,2.74,No,No,0,11.11
Evernote,Productivity,88.73,True,1.5,49,Other,2.93,0.48,4.54,Poor,High,8.31,6.98,Yes,No,0,7.95
Google Docs,Productivity,76.96,True,1.3,19,Other,4.55,1.6,0.77,Good,High,6.82,5.39,Yes,No,0,6.92
Netflix,Entertainment,65.05,False,1.1,39,Female,8.21,3.61,2.14,Good,Medium,7.9,6.11,No,Yes,0,13.96
Weather,Utilities,65.35,False,1.1,39,Female,8.21,3.61,2.14,Good,Medium,7.9,6.11,No,Yes,0,13.96
Twitch,Entertainment,71.35,False,1.2,28,Male,1.83,3.37,1.42,Poor,Medium,5.87,7.54,No,Yes,0,6.62
Netflix,Entertainment,169.8,False,2.8,36,Male,9.96,7.38,0.78,Excellent,Low,5.98,3.61,No,No,1,18.12
YouTube,Entertainment,140.01,False,2.3,58,Other,11.83,6.58,3.41,Poor,Medium,6.37,7.74,No,Yes,1,21.82
Microsoft Teams,Productivity,116.23,True,1.9,27,Other,4.77,7.2,3.25,Fair,Medium,6.57,5.77,No,No,0,15.219999999999999
WhatsApp,Social,95.13,False,1.6,52,Other,4.21,2.36,1.65,Good,Medium,4.07,2.99,Yes,Yes,0,8.22
Gmail,Utilities,133.09,False,2.2,23,Male,8.61,5.01,3.38,Excellent,High,6.48,6.97,Yes,No,1,17.0
Google Docs,Productivity,87.52,True,1.5,63,Other,6.64,4.76,4.38,Excellent,Medium,8.75,0.12,Yes,No,0,15.779999999999998
YouTube,Entertainment,175.32,False,2.9,62,Other,3.34,4.07,4.16,Fair,Medium,5.31,5.65,No,No,1,11.57
Twitter,Social,141.65,False,2.4,39,Female,4.53,3.21,3.15,Poor,Low,4.08,9.41,No,No,1,10.89
Google Maps,Utilities,93.79,False,1.6,35,Other,2.88,2.89,0.38,Fair,Low,8.28,9.81,Yes,No,0,6.1499999999999995
Evernote,Productivity,117.82,True,2.0,36,Other,9.34,5.41,1.32,Good,High,7.28,6.72,Yes,No,0,16.07
Spotify,Entertainment,71.58,False,1.2,59,Male,11.09,6.96,4.17,Poor,Medium,7.1,1.29,Yes,No,0,22.22
Instagram,Social,68.73,False,1.1,43,Female,4.87,2.63,1.73,Excellent,Medium,7.01,5.35,No,No,0,9.23
Facebook,Social,65.48,False,1.1,39,Female,8.21,3.61,2.14,Good,Medium,7.9,6.11,No,Yes,0,13.96
Camera,Utilities,78.58,False,1.3,37,Male,1.94,3.76,2.63,Poor,Low,6.65,5.13,No,Yes,0,8.329999999999998
Twitch,Entertainment,120.14,False,2.0,50,Female,7.6,1.71,4.1,Fair,Low,7.09,3.61,Yes,No,1,13.409999999999998
Instagram,Social,83.02,False,1.4,53,Male,10.57,7.28,3.45,Fair,Low,5.65,9.81,No,No,0,21.3
Slack,Productivity,81.21,True,1.4,62,Other,1.2,1.67,1.57,Excellent,High,7.29,9.64,Yes,No,0,4.44
YouTube,Entertainment,73.79,False,1.2,38,Female,3.06,0.82,2.76,Excellent,Low,4.41,8.6,No,Yes,0,6.64
Snapchat,Social,84.67,False,1.4,65,Other,7.58,7.92,1.62,Fair,Low,5.2,7.24,No,No,0,17.12
Facebook,Social,74.63,False,1.2,28,Male,1.83,3.37,1.42,Poor,Medium,5.87,7.54,No,Yes,0,6.62
Gmail,Utilities,59.44,False,1.0,49,Other,1.74,6.1,4.81,Good,Medium,4.06,2.55,No,Yes,0,12.649999999999999
Google Maps,Utilities,75.71,False,1.3,37,Male,1.94,3.76,2.63,Poor,Low,6.65,5.13,No,Yes,0,8.329999999999998
Weather,Utilities,78.64,False,1.3,55,Female,1.84,5.98,3.14,Good,High,4.36,4.52,Yes,No,0,10.96
Spotify,Entertainment,97.21,False,1.6,48,Male,4.96,2.69,1.34,Fair,High,8.46,0.55,Yes,Yes,0,8.99
Google Docs,Productivity,154.46,True,2.6,21,Female,5.72,2.54,0.68,Excellent,High,5.7,3.54,No,Yes,1,8.94
Snapchat,Social,91.22,False,1.5,63,Other,6.64,4.76,4.38,Excellent,Medium,8.75,0.12,Yes,No,0,15.779999999999998
Facebook,Social,88.87,False,1.5,63,Other,6.64,4.76,4.38,Excellent,Medium,8.75,0.12,Yes,No,0,15.779999999999998
WhatsApp,Social,92.36,False,1.5,49,Other,2.93,0.48,4.54,Poor,High,8.31,6.98,Yes,No,0,7.95
WhatsApp,Social,90.65,False,1.5,45,Female,8.33,4.66,1.79,Fair,Low,4.6,2.02,No,Yes,0,14.780000000000001
Twitter,Social,57.72,False,1.0,49,Other,1.74,6.1,4.81,Good,Medium,4.06,2.55,No,Yes,0,12.649999999999999
Google Maps,Utilities,86.47,False,1.4,62,Other,1.2,1.67,1.57,Excellent,High,7.29,9.64,Yes,No,0,4.44
Google Docs,Productivity,87.52,True,1.5,38,Male,3.42,7.58,2.96,Fair,Medium,7.15,7.05,Yes,Yes,0,13.96
Weather,Utilities,120.06,False,2.0,36,Other,9.34,5.41,1.32,Good,High,7.28,6.72,Yes,No,1,16.07
Snapchat,Social,71.79,False,1.2,59,Male,11.09,6.96,4.17,Poor,Medium,7.1,1.29,Yes,No,0,22.22
Chrome,Utilities,115.36,False,1.9,33,Other,7.3,7.59,1.86,Excellent,Medium,8.65,1.48,No,No,0,16.75
Microsoft Teams,Productivity,62.83,True,1.0,49,Other,1.74,6.1,4.81,Good,Medium,4.06,2.55,No,Yes,0,12.649999999999999
Weather,Utilities,120.06,False,2.0,34,Female,10.47,0.94,3.84,Good,Low,7.35,5.57,No,No,1,15.25
Facebook,Social,124.84,False,2.1,21,Male,7.93,5.42,4.0,Fair,Low,4.79,4.07,Yes,No,1,17.35
Instagram,Social,209.48,False,3.5,41,Male,7.59,5.1,0.44,Poor,Medium,5.29,4.5,No,Yes,1,13.129999999999999
Instagram,Social,77.75,False,1.3,22,Other,1.55,2.07,4.21,Poor,High,7.06,6.25,Yes,No,0,7.83
Camera,Utilities,58.75,False,1.0,47,Male,2.41,4.09,4.39,Poor,Medium,6.21,0.33,Yes,No,0,10.89
YouTube,Entertainment,87.02,False,1.5,34,Female,5.55,5.06,1.68,Good,High,8.88,2.37,Yes,No,0,12.29
Google Maps,Utilities,93.79,False,1.6,26,Female,7.75,5.6,0.1,Fair,Medium,8.16,6.43,No,No,0,13.45
Microsoft Teams,Productivity,122.04,True,2.0,50,Female,7.6,1.71,4.1,Fair,Low,7.09,3.61,Yes,No,1,13.409999999999998
Evernote,Productivity,72.31,True,1.2,28,Male,1.83,3.37,1.42,Poor,Medium,5.87,7.54,No,Yes,0,6.62
Twitch,Entertainment,72.76,False,1.2,50,Male,1.11,6.67,3.68,Good,Low,4.61,8.16,No,Yes,0,11.46
Gmail,Utilities,72.25,False,1.2,59,Female,9.07,4.05,1.86,Excellent,Low,6.16,8.9,No,Yes,0,14.98
Snapchat,Social,138.82,False,2.3,58,Other,11.83,6.58,3.41,Poor,Medium,6.37,7.74,No,Yes,1,21.82
Twitch,Entertainment,94.94,False,1.6,26,Female,7.75,5.6,0.1,Fair,Medium,8.16,6.43,No,No,0,13.45
YouTube,Entertainment,64.94,False,1.1,49,Male,7.08,3.21,3.52,Good,Low,8.87,3.33,No,No,0,13.809999999999999
Google Docs,Productivity,87.52,True,1.5,49,Other,2.93,0.48,4.54,Poor,High,8.31,6.98,Yes,No,0,7.95
Spotify,Entertainment,107.48,False,1.8,63,Female,2.47,3.28,2.87,Good,High,4.08,0.84,Yes,Yes,0,8.620000000000001
WhatsApp,Social,90.65,False,1.5,25,Male,4.86,1.7,0.76,Fair,Medium,6.72,5.26,No,Yes,0,7.32
Google Docs,Productivity,80.46,True,1.3,37,Male,1.94,3.76,2.63,Poor,Low,6.65,5.13,No,Yes,0,8.329999999999998
Google Maps,Utilities,68.88,False,1.1,39,Female,8.21,3.61,2.14,Good,Medium,7.9,6.11,No,Yes,0,13.96
Chrome,Utilities,110.96,False,1.8,32,Other,1.8,2.42,3.03,Fair,Low,5.12,9.17,Yes,No,0,7.25
Chrome,Utilities,71.41,False,1.2,59,Male,11.09,6.96,4.17,Poor,Medium,7.1,1.29,Yes,No,0,22.22
Snapchat,Social,81.9,False,1.4,31,Female,6.95,1.0,3.28,Fair,Low,6.85,4.66,Yes,No,0,11.23
Evernote,Productivity,69.26,True,1.2,31,Male,9.46,7.86,3.69,Poor,High,5.85,2.87,No,No,0,21.01
YouTube,Entertainment,63.64,False,1.1,39,Female,8.21,3.61,2.14,Good,Medium,7.9,6.11,No,Yes,0,13.96
Weather,Utilities,78.64,False,1.3,22,Other,1.55,2.07,4.21,Poor,High,7.06,6.25,Yes,No,0,7.83
Notion,Productivity,67.95,True,1.1,49,Male,7.08,3.21,3.52,Good,Low,8.87,3.33,No,No,0,13.809999999999999
WhatsApp,Social,84.42,False,1.4,26,Male,9.18,4.99,0.78,Excellent,High,5.39,4.62,Yes,No,0,14.95
Twitch,Entertainment,71.17,False,1.2,19,Male,1.65,7.62,3.6,Excellent,High,7.31,4.49,No,Yes,0,12.87
Chrome,Utilities,115.36,False,1.9,47,Female,2.65,2.22,0.68,Good,Low,4.94,0.85,Yes,Yes,0,5.55
Notion,Productivity,82.23,True,1.4,53,Male,10.57,7.28,3.45,Fair,Low,5.65,9.81,No,No,0,21.3
Weather,Utilities,83.4,False,1.4,65,Other,7.58,7.92,1.62,Fair,Low,5.2,7.24,No,No,0,17.12
WhatsApp,Social,91.61,False,1.5,34,Female,5.55,5.06,1.68,Good,High,8.88,2.37,Yes,No,0,12.29
Weather,Utilities,113.89,False,1.9,25,Other,4.5,2.76,1.43,Fair,Low,4.5,5.83,Yes,Yes,0,8.69
Slack,Productivity,107.99,True,1.8,23,Female,7.46,0.31,1.19,Fair,High,8.29,1.89,No,Yes,0,8.959999999999999
Evernote,Productivity,71.26,True,1.2,59,Female,9.07,4.05,1.86,Excellent,Low,6.16,8.9,No,Yes,0,14.98
Twitter,Social,63.15,False,1.1,55,Other,3.28,2.9,0.42,Good,High,6.41,1.33,No,No,0,6.6
Google Maps,Utilities,69.29,False,1.2,59,Female,9.07,4.05,1.86,Excellent,Low,6.16,8.9,No,Yes,0,14.98
Google Docs,Productivity,67.46,True,1.1,51,Male,5.97,4.16,4.99,Poor,Low,5.43,2.61,No,No,0,15.12
Instagram,Social,71.74,False,1.2,29,Other,2.08,4.68,4.14,Poor,Medium,4.36,2.23,Yes,No,0,10.899999999999999
Chrome,Utilities,88.22,False,1.5,26,Female,9.35,0.33,2.64,Good,High,4.43,5.36,No,No,0,12.32
TikTok,Entertainment,77.49,False,1.3,37,Male,1.94,3.76,2.63,Poor,Low,6.65,5.13,No,Yes,0,8.329999999999998
Snapchat,Social,108.19,False,1.8,41,Male,1.93,1.6,1.54,Fair,Low,5.59,1.91,Yes,Yes,0,5.07
Camera,Utilities,98.61,False,1.6,35,Other,2.88,2.89,0.38,Fair,Low,8.28,9.81,Yes,No,0,6.1499999999999995
Twitter,Social,60.29,False,1.0,49,Other,1.74,6.1,4.81,Good,Medium,4.06,2.55,No,Yes,0,12.649999999999999
Gmail,Utilities,70.76,False,1.2,29,Other,2.08,4.68,4.14,Poor,Medium,4.36,2.23,Yes,No,0,10.899999999999999
Google Docs,Productivity,95.2,True,1.6,52,Other,4.21,2.36,1.65,Good,Medium,4.07,2.99,Yes,Yes,0,8.22
Google Docs,Productivity,70.22,True,1.2,28,Male,1.83,3.37,1.42,Poor,Medium,5.87,7.54,No,Yes,0,6.62
Google Maps,Utilities,68.88,False,1.1,51,Male,5.97,4.16,4.99,Poor,Low,5.43,2.61,No,No,0,15.12
Notion,Productivity,215.94,True,3.6,45,Other,9.17,3.61,2.14,Fair,High,5.07,1.87,No,No,1,14.92
Twitter,Social,74.26,False,1.2,59,Female,9.07,4.05,1.86,Excellent,Low,6.16,8.9,No,Yes,0,14.98
Microsoft Teams,Productivity,66.59,True,1.1,39,Female,8.21,3.61,2.14,Good,Medium,7.9,6.11,No,Yes,0,13.96
Twitch,Entertainment,73.4,False,1.2,31,Male,9.46,7.86,3.69,Poor,High,5.85,2.87,No,No,0,21.01
Netflix,Entertainment,58.67,False,1.0,49,Other,1.74,6.1,4.81,Good,Medium,4.06,2.55,No,Yes,0,12.649999999999999
Chrome,Utilities,185.65,False,3.1,54,Male,3.07,6.47,0.82,Excellent,Medium,6.27,7.84,No,Yes,1,10.36
